Sophie Xuereb	Xuereb, Sophie	http://vocab.getty.edu/ulan/500100150
Mme. Sophie Xuereb	Xuereb, Sophie	http://vocab.getty.edu/ulan/500100150
Mme Sophie Xuereb	Xuereb, Sophie	http://vocab.getty.edu/ulan/500100150
S. Xuereb	Xuereb, Sophie	http://vocab.getty.edu/ulan/500100150
Mme. Xuereb	Xuereb, Sophie	http://vocab.getty.edu/ulan/500100150
Mme Xuereb	Xuereb, Sophie	http://vocab.getty.edu/ulan/500100150
S Xuereb	Xuereb, Sophie	http://vocab.getty.edu/ulan/500100150
Xuereb	Xuereb, Sophie	http://vocab.getty.edu/ulan/500100150
Junna Xia	Xia, Junna	http://vocab.getty.edu/ulan/500341740	http://id.loc.gov/authorities/names/nr2004034020
J. Xia	Xia, Junna	http://vocab.getty.edu/ulan/500341740	http://id.loc.gov/authorities/names/nr2004034020
J Xia	Xia, Junna	http://vocab.getty.edu/ulan/500341740	http://id.loc.gov/authorities/names/nr2004034020
Mme Junna Xia	Xia, Junna	http://vocab.getty.edu/ulan/500341740	http://id.loc.gov/authorities/names/nr2004034020
Mme. Xia	Xia, Junna	http://vocab.getty.edu/ulan/500341740	http://id.loc.gov/authorities/names/nr2004034020
Mme Xia	Xia, Junna	http://vocab.getty.edu/ulan/500341740	http://id.loc.gov/authorities/names/nr2004034020
Xia	Xia, Junna	http://vocab.getty.edu/ulan/500341740	http://id.loc.gov/authorities/names/nr2004034020
Mme. Junna Xia	Xia, Junna	http://vocab.getty.edu/ulan/500341740	http://id.loc.gov/authorities/names/nr2004034020
夏俊娜	Xia, Junna	http://vocab.getty.edu/ulan/500341740	http://id.loc.gov/authorities/names/nr2004034020
Héctor Xavier	Xavier, Héctor	http://vocab.getty.edu/ulan/500331455
M Héctor Xavier	Xavier, Héctor	http://vocab.getty.edu/ulan/500331455
M Xavier	Xavier, Héctor	http://vocab.getty.edu/ulan/500331455
H. Xavier	Xavier, Héctor	http://vocab.getty.edu/ulan/500331455
H Xavier	Xavier, Héctor	http://vocab.getty.edu/ulan/500331455
M. Xavier	Xavier, Héctor	http://vocab.getty.edu/ulan/500331455
Xavier	Xavier, Héctor	http://vocab.getty.edu/ulan/500331455
M. Héctor Xavier	Xavier, Héctor	http://vocab.getty.edu/ulan/500331455
Xavier, Hector	Xavier, Héctor	http://vocab.getty.edu/ulan/500331455
Hector Xavier	Xavier, Héctor	http://vocab.getty.edu/ulan/500331455
Hsü Pei-hung	Xu Beihong	http://vocab.getty.edu/ulan/500328342	http://id.loc.gov/authorities/names/n81058326
Xu Beihong	Xu Beihong	http://vocab.getty.edu/ulan/500328342	http://id.loc.gov/authorities/names/n81058326
M Xu Beihong	Xu Beihong	http://vocab.getty.edu/ulan/500328342	http://id.loc.gov/authorities/names/n81058326
M. Xu Beihong	Xu Beihong	http://vocab.getty.edu/ulan/500328342	http://id.loc.gov/authorities/names/n81058326
Ju Peon	Xu Beihong	http://vocab.getty.edu/ulan/500328342	http://id.loc.gov/authorities/names/n81058326
Xu, Beihong	Xu Beihong	http://vocab.getty.edu/ulan/500328342	http://id.loc.gov/authorities/names/n81058326
Hsü, Pei-hung	Xu Beihong	http://vocab.getty.edu/ulan/500328342	http://id.loc.gov/authorities/names/n81058326
Si︠u︡ĭ, Bėĭkhun	Xu Beihong	http://vocab.getty.edu/ulan/500328342	http://id.loc.gov/authorities/names/n81058326
Jo, Hikō	Xu Beihong	http://vocab.getty.edu/ulan/500328342	http://id.loc.gov/authorities/names/n81058326
Ju, Péon	Xu Beihong	http://vocab.getty.edu/ulan/500328342	http://id.loc.gov/authorities/names/n81058326
俆悲鸿	Xu Beihong	http://vocab.getty.edu/ulan/500328342	http://id.loc.gov/authorities/names/n81058326
徐悲鴻	Xu Beihong	http://vocab.getty.edu/ulan/500328342	http://id.loc.gov/authorities/names/n81058326
徐悲鸿	Xu Beihong	http://vocab.getty.edu/ulan/500328342	http://id.loc.gov/authorities/names/n81058326
Matías Ximeno	Ximeno, Matías	http://vocab.getty.edu/ulan/500328340
M. Matías Ximeno	Ximeno, Matías	http://vocab.getty.edu/ulan/500328340
M Ximeno	Ximeno, Matías	http://vocab.getty.edu/ulan/500328340
M. Ximeno	Ximeno, Matías	http://vocab.getty.edu/ulan/500328340
Ximeno	Ximeno, Matías	http://vocab.getty.edu/ulan/500328340
M Matías Ximeno	Ximeno, Matías	http://vocab.getty.edu/ulan/500328340
Matias Ximeno	Ximeno, Matías	http://vocab.getty.edu/ulan/500328340
Ximeno, Matias	Ximeno, Matías	http://vocab.getty.edu/ulan/500328340
Tianchi	Xu Wei	http://vocab.getty.edu/ulan/500328345	http://id.loc.gov/authorities/names/n81117604
M. Xu Wei	Xu Wei	http://vocab.getty.edu/ulan/500328345	http://id.loc.gov/authorities/names/n81117604
M Xu Wei	Xu Wei	http://vocab.getty.edu/ulan/500328345	http://id.loc.gov/authorities/names/n81117604
Xu Wei	Xu Wei	http://vocab.getty.edu/ulan/500328345	http://id.loc.gov/authorities/names/n81117604
Hsü Wei	Xu Wei	http://vocab.getty.edu/ulan/500328345	http://id.loc.gov/authorities/names/n81117604
zi Wenchang	Xu Wei	http://vocab.getty.edu/ulan/500328345	http://id.loc.gov/authorities/names/n81117604
Xu, Wei	Xu Wei	http://vocab.getty.edu/ulan/500328345	http://id.loc.gov/authorities/names/n81117604
Hsu Wei	Xu Wei	http://vocab.getty.edu/ulan/500328345	http://id.loc.gov/authorities/names/n81117604
Wen-chang	Xu Wei	http://vocab.getty.edu/ulan/500328345	http://id.loc.gov/authorities/names/n81117604
P'eng fei	Xu Wei	http://vocab.getty.edu/ulan/500328345	http://id.loc.gov/authorities/names/n81117604
Tien-ch'ih	Xu Wei	http://vocab.getty.edu/ulan/500328345	http://id.loc.gov/authorities/names/n81117604
Ching-t'eng	Xu Wei	http://vocab.getty.edu/ulan/500328345	http://id.loc.gov/authorities/names/n81117604
Wen-ch'ing	Xu Wei	http://vocab.getty.edu/ulan/500328345	http://id.loc.gov/authorities/names/n81117604
Qingteng	Xu Wei	http://vocab.getty.edu/ulan/500328345	http://id.loc.gov/authorities/names/n81117604
Wenzhang	Xu Wei	http://vocab.getty.edu/ulan/500328345	http://id.loc.gov/authorities/names/n81117604
Wenqing	Xu Wei	http://vocab.getty.edu/ulan/500328345	http://id.loc.gov/authorities/names/n81117604
Hsü, Wei	Xu Wei	http://vocab.getty.edu/ulan/500328345	http://id.loc.gov/authorities/names/n81117604
Xu, Wenchang	Xu Wei	http://vocab.getty.edu/ulan/500328345	http://id.loc.gov/authorities/names/n81117604
Qingtengshanren	Xu Wei	http://vocab.getty.edu/ulan/500328345	http://id.loc.gov/authorities/names/n81117604
Xu, Shuzhe	Xu Wei	http://vocab.getty.edu/ulan/500328345	http://id.loc.gov/authorities/names/n81117604
Xu, Tianchi	Xu Wei	http://vocab.getty.edu/ulan/500328345	http://id.loc.gov/authorities/names/n81117604
Xu, Qingteng	Xu Wei	http://vocab.getty.edu/ulan/500328345	http://id.loc.gov/authorities/names/n81117604
Xu, Wenqing	Xu Wei	http://vocab.getty.edu/ulan/500328345	http://id.loc.gov/authorities/names/n81117604
Hsü, Wen-chʻang	Xu Wei	http://vocab.getty.edu/ulan/500328345	http://id.loc.gov/authorities/names/n81117604
Chʻing-tʻeng-shan-jen	Xu Wei	http://vocab.getty.edu/ulan/500328345	http://id.loc.gov/authorities/names/n81117604
Hsü, Tʻien-chʻih	Xu Wei	http://vocab.getty.edu/ulan/500328345	http://id.loc.gov/authorities/names/n81117604
Hsü, Chʻing-tʻeng	Xu Wei	http://vocab.getty.edu/ulan/500328345	http://id.loc.gov/authorities/names/n81117604
Hsü, Wen-chʻing	Xu Wei	http://vocab.getty.edu/ulan/500328345	http://id.loc.gov/authorities/names/n81117604
Qingtengdaoshi	Xu Wei	http://vocab.getty.edu/ulan/500328345	http://id.loc.gov/authorities/names/n81117604
Shutianshuiyue	Xu Wei	http://vocab.getty.edu/ulan/500328345	http://id.loc.gov/authorities/names/n81117604
Shuzhe	Xu Wei	http://vocab.getty.edu/ulan/500328345	http://id.loc.gov/authorities/names/n81117604
Tianshuiyue	Xu Wei	http://vocab.getty.edu/ulan/500328345	http://id.loc.gov/authorities/names/n81117604
Tianchishanren	Xu Wei	http://vocab.getty.edu/ulan/500328345	http://id.loc.gov/authorities/names/n81117604
Xuwei	Xu Wei	http://vocab.getty.edu/ulan/500328345	http://id.loc.gov/authorities/names/n81117604
徐渭	Xu Wei	http://vocab.getty.edu/ulan/500328345	http://id.loc.gov/authorities/names/n81117604
(明)徐渭	Xu Wei	http://vocab.getty.edu/ulan/500328345	http://id.loc.gov/authorities/names/n81117604
Marcia Xavier	Xavier, Marcia	http://vocab.getty.edu/ulan/500356609	http://id.loc.gov/authorities/names/n2005177557
Mme. Xavier	Xavier, Marcia	http://vocab.getty.edu/ulan/500356609	http://id.loc.gov/authorities/names/n2005177557
M Xavier	Xavier, Marcia	http://vocab.getty.edu/ulan/500356609	http://id.loc.gov/authorities/names/n2005177557
Mme Xavier	Xavier, Marcia	http://vocab.getty.edu/ulan/500356609	http://id.loc.gov/authorities/names/n2005177557
M. Xavier	Xavier, Marcia	http://vocab.getty.edu/ulan/500356609	http://id.loc.gov/authorities/names/n2005177557
Xavier	Xavier, Marcia	http://vocab.getty.edu/ulan/500356609	http://id.loc.gov/authorities/names/n2005177557
Mme. Marcia Xavier	Xavier, Marcia	http://vocab.getty.edu/ulan/500356609	http://id.loc.gov/authorities/names/n2005177557
Mme Marcia Xavier	Xavier, Marcia	http://vocab.getty.edu/ulan/500356609	http://id.loc.gov/authorities/names/n2005177557
Hsüeh Chi	Xue Ji	http://vocab.getty.edu/ulan/500328343
M Xue Ji	Xue Ji	http://vocab.getty.edu/ulan/500328343
M. Xue Ji	Xue Ji	http://vocab.getty.edu/ulan/500328343
Xue Ji	Xue Ji	http://vocab.getty.edu/ulan/500328343
zi Sitong	Xue Ji	http://vocab.getty.edu/ulan/500328343
hao Shaobao	Xue Ji	http://vocab.getty.edu/ulan/500328343
Xue, Ji	Xue Ji	http://vocab.getty.edu/ulan/500328343
Hsueh Chi	Xue Ji	http://vocab.getty.edu/ulan/500328343
Sitong	Xue Ji	http://vocab.getty.edu/ulan/500328343
Shaobao	Xue Ji	http://vocab.getty.edu/ulan/500328343
M Xenokrates	Xenokrates	http://vocab.getty.edu/ulan/500074185
M. Xenokrates	Xenokrates	http://vocab.getty.edu/ulan/500074185
Xenokrates	Xenokrates	http://vocab.getty.edu/ulan/500074185
Andreas Xyngopoulos	Xyngopoulos, Andreas	http://vocab.getty.edu/ulan/500328348	http://id.loc.gov/authorities/names/n82078034
M. Andreas Xyngopoulos	Xyngopoulos, Andreas	http://vocab.getty.edu/ulan/500328348	http://id.loc.gov/authorities/names/n82078034
M Xyngopoulos	Xyngopoulos, Andreas	http://vocab.getty.edu/ulan/500328348	http://id.loc.gov/authorities/names/n82078034
A Xyngopoulos	Xyngopoulos, Andreas	http://vocab.getty.edu/ulan/500328348	http://id.loc.gov/authorities/names/n82078034
A. Xyngopoulos	Xyngopoulos, Andreas	http://vocab.getty.edu/ulan/500328348	http://id.loc.gov/authorities/names/n82078034
Xyngopoulos	Xyngopoulos, Andreas	http://vocab.getty.edu/ulan/500328348	http://id.loc.gov/authorities/names/n82078034
M. Xyngopoulos	Xyngopoulos, Andreas	http://vocab.getty.edu/ulan/500328348	http://id.loc.gov/authorities/names/n82078034
M Andreas Xyngopoulos	Xyngopoulos, Andreas	http://vocab.getty.edu/ulan/500328348	http://id.loc.gov/authorities/names/n82078034
Solon Xenopoulos	Xenopoulos, Solon	http://vocab.getty.edu/ulan/500001452
M. Xenopoulos	Xenopoulos, Solon	http://vocab.getty.edu/ulan/500001452
S Xenopoulos	Xenopoulos, Solon	http://vocab.getty.edu/ulan/500001452
M Solon Xenopoulos	Xenopoulos, Solon	http://vocab.getty.edu/ulan/500001452
Xenopoulos	Xenopoulos, Solon	http://vocab.getty.edu/ulan/500001452
M Xenopoulos	Xenopoulos, Solon	http://vocab.getty.edu/ulan/500001452
M. Solon Xenopoulos	Xenopoulos, Solon	http://vocab.getty.edu/ulan/500001452
S. Xenopoulos	Xenopoulos, Solon	http://vocab.getty.edu/ulan/500001452
Jiménez, Miguel	Ximénez, Miguel	http://vocab.getty.edu/ulan/500008256
M. Miguel Ximénez	Ximénez, Miguel	http://vocab.getty.edu/ulan/500008256
M Miguel Ximénez	Ximénez, Miguel	http://vocab.getty.edu/ulan/500008256
M Ximénez	Ximénez, Miguel	http://vocab.getty.edu/ulan/500008256
M. Ximénez	Ximénez, Miguel	http://vocab.getty.edu/ulan/500008256
Miguel Ximénez	Ximénez, Miguel	http://vocab.getty.edu/ulan/500008256
Ximénez	Ximénez, Miguel	http://vocab.getty.edu/ulan/500008256
Jimenez, Miguel	Ximénez, Miguel	http://vocab.getty.edu/ulan/500008256
Jiménez y Garcia, Miguel	Ximénez, Miguel	http://vocab.getty.edu/ulan/500008256
Ximenez, Miguel	Ximénez, Miguel	http://vocab.getty.edu/ulan/500008256
Miguel Ximenez	Ximénez, Miguel	http://vocab.getty.edu/ulan/500008256
Ximenes, Miquel	Ximénez, Miguel	http://vocab.getty.edu/ulan/500008256
Frans Xavery	Xavery, Frans	http://vocab.getty.edu/ulan/500057530
M Frans Xavery	Xavery, Frans	http://vocab.getty.edu/ulan/500057530
M. Frans Xavery	Xavery, Frans	http://vocab.getty.edu/ulan/500057530
F Xavery	Xavery, Frans	http://vocab.getty.edu/ulan/500057530
M. Xavery	Xavery, Frans	http://vocab.getty.edu/ulan/500057530
Xavery	Xavery, Frans	http://vocab.getty.edu/ulan/500057530
M Xavery	Xavery, Frans	http://vocab.getty.edu/ulan/500057530
F. Xavery	Xavery, Frans	http://vocab.getty.edu/ulan/500057530
Shun Xu	Xu, Shun	http://vocab.getty.edu/ulan/500341947	http://id.loc.gov/authorities/names/no2009102029
S Xu	Xu, Shun	http://vocab.getty.edu/ulan/500341947	http://id.loc.gov/authorities/names/no2009102029
M Shun Xu	Xu, Shun	http://vocab.getty.edu/ulan/500341947	http://id.loc.gov/authorities/names/no2009102029
M Xu	Xu, Shun	http://vocab.getty.edu/ulan/500341947	http://id.loc.gov/authorities/names/no2009102029
M. Shun Xu	Xu, Shun	http://vocab.getty.edu/ulan/500341947	http://id.loc.gov/authorities/names/no2009102029
Xu	Xu, Shun	http://vocab.getty.edu/ulan/500341947	http://id.loc.gov/authorities/names/no2009102029
S. Xu	Xu, Shun	http://vocab.getty.edu/ulan/500341947	http://id.loc.gov/authorities/names/no2009102029
M. Xu	Xu, Shun	http://vocab.getty.edu/ulan/500341947	http://id.loc.gov/authorities/names/no2009102029
徐舜	Xu, Shun	http://vocab.getty.edu/ulan/500341947	http://id.loc.gov/authorities/names/no2009102029
Ludige von Xanten	Xanten, Ludige von	http://vocab.getty.edu/ulan/500018614
L. Von Xanten	Xanten, Ludige von	http://vocab.getty.edu/ulan/500018614
L. Xanten	Xanten, Ludige von	http://vocab.getty.edu/ulan/500018614
von Xanten	Xanten, Ludige von	http://vocab.getty.edu/ulan/500018614
M Von Xanten	Xanten, Ludige von	http://vocab.getty.edu/ulan/500018614
M Xanten	Xanten, Ludige von	http://vocab.getty.edu/ulan/500018614
Von Xanten	Xanten, Ludige von	http://vocab.getty.edu/ulan/500018614
M. Xanten	Xanten, Ludige von	http://vocab.getty.edu/ulan/500018614
M von Xanten	Xanten, Ludige von	http://vocab.getty.edu/ulan/500018614
Xanten	Xanten, Ludige von	http://vocab.getty.edu/ulan/500018614
M. Ludige von Xanten	Xanten, Ludige von	http://vocab.getty.edu/ulan/500018614
M. Von Xanten	Xanten, Ludige von	http://vocab.getty.edu/ulan/500018614
L von Xanten	Xanten, Ludige von	http://vocab.getty.edu/ulan/500018614
M. von Xanten	Xanten, Ludige von	http://vocab.getty.edu/ulan/500018614
L Von Xanten	Xanten, Ludige von	http://vocab.getty.edu/ulan/500018614
L. von Xanten	Xanten, Ludige von	http://vocab.getty.edu/ulan/500018614
M Ludige von Xanten	Xanten, Ludige von	http://vocab.getty.edu/ulan/500018614
L Xanten	Xanten, Ludige von	http://vocab.getty.edu/ulan/500018614
Xanten, Ludwig von	Xanten, Ludige von	http://vocab.getty.edu/ulan/500018614
Xanten, Ludige Von	Xanten, Ludige von	http://vocab.getty.edu/ulan/500018614
Ludige Von Xanten	Xanten, Ludige von	http://vocab.getty.edu/ulan/500018614
Pieter Xavery	Xavery, Pieter	http://vocab.getty.edu/ulan/500047567
M. Xavery	Xavery, Pieter	http://vocab.getty.edu/ulan/500047567
M Pieter Xavery	Xavery, Pieter	http://vocab.getty.edu/ulan/500047567
Xavery	Xavery, Pieter	http://vocab.getty.edu/ulan/500047567
M Xavery	Xavery, Pieter	http://vocab.getty.edu/ulan/500047567
M. Pieter Xavery	Xavery, Pieter	http://vocab.getty.edu/ulan/500047567
P Xavery	Xavery, Pieter	http://vocab.getty.edu/ulan/500047567
P. Xavery	Xavery, Pieter	http://vocab.getty.edu/ulan/500047567
Savoriex, Pieter	Xavery, Pieter	http://vocab.getty.edu/ulan/500047567
Xaveri, Pieter	Xavery, Pieter	http://vocab.getty.edu/ulan/500047567
Xaverii, Pieter	Xavery, Pieter	http://vocab.getty.edu/ulan/500047567
William Xerra	Xerra, William	http://vocab.getty.edu/ulan/500349864	http://id.loc.gov/authorities/names/nr95039096
M William Xerra	Xerra, William	http://vocab.getty.edu/ulan/500349864	http://id.loc.gov/authorities/names/nr95039096
M. Xerra	Xerra, William	http://vocab.getty.edu/ulan/500349864	http://id.loc.gov/authorities/names/nr95039096
W. Xerra	Xerra, William	http://vocab.getty.edu/ulan/500349864	http://id.loc.gov/authorities/names/nr95039096
M. William Xerra	Xerra, William	http://vocab.getty.edu/ulan/500349864	http://id.loc.gov/authorities/names/nr95039096
M Xerra	Xerra, William	http://vocab.getty.edu/ulan/500349864	http://id.loc.gov/authorities/names/nr95039096
W Xerra	Xerra, William	http://vocab.getty.edu/ulan/500349864	http://id.loc.gov/authorities/names/nr95039096
Xerra	Xerra, William	http://vocab.getty.edu/ulan/500349864	http://id.loc.gov/authorities/names/nr95039096
Boris Xartchenko	Xartchenko, Boris	http://vocab.getty.edu/ulan/500200031
M. Boris Xartchenko	Xartchenko, Boris	http://vocab.getty.edu/ulan/500200031
B Xartchenko	Xartchenko, Boris	http://vocab.getty.edu/ulan/500200031
M Xartchenko	Xartchenko, Boris	http://vocab.getty.edu/ulan/500200031
M. Xartchenko	Xartchenko, Boris	http://vocab.getty.edu/ulan/500200031
Xartchenko	Xartchenko, Boris	http://vocab.getty.edu/ulan/500200031
B. Xartchenko	Xartchenko, Boris	http://vocab.getty.edu/ulan/500200031
M Boris Xartchenko	Xartchenko, Boris	http://vocab.getty.edu/ulan/500200031
Hsü Tao-ning	Xu Daoning	http://vocab.getty.edu/ulan/500334485
M Xu Daoning	Xu Daoning	http://vocab.getty.edu/ulan/500334485
Xu Daoning	Xu Daoning	http://vocab.getty.edu/ulan/500334485
M. Xu Daoning	Xu Daoning	http://vocab.getty.edu/ulan/500334485
Xiaoze Xie	Xie, Xiaoze	http://vocab.getty.edu/ulan/500330314
M Xie	Xie, Xiaoze	http://vocab.getty.edu/ulan/500330314
M. Xie	Xie, Xiaoze	http://vocab.getty.edu/ulan/500330314
M Xiaoze Xie	Xie, Xiaoze	http://vocab.getty.edu/ulan/500330314
X Xie	Xie, Xiaoze	http://vocab.getty.edu/ulan/500330314
Xie	Xie, Xiaoze	http://vocab.getty.edu/ulan/500330314
X. Xie	Xie, Xiaoze	http://vocab.getty.edu/ulan/500330314
M. Xiaoze Xie	Xie, Xiaoze	http://vocab.getty.edu/ulan/500330314
Ziaoze, Xie	Xie, Xiaoze	http://vocab.getty.edu/ulan/500330314
Xie Ziaoze	Xie, Xiaoze	http://vocab.getty.edu/ulan/500330314
Xenophon	Xenophon	http://vocab.getty.edu/ulan/500328332
M Xenophon	Xenophon	http://vocab.getty.edu/ulan/500328332
M. Xenophon	Xenophon	http://vocab.getty.edu/ulan/500328332
Hsia Kuei	Xia Gui	http://vocab.getty.edu/ulan/500328333
M Xia Gui	Xia Gui	http://vocab.getty.edu/ulan/500328333
Xia Gui	Xia Gui	http://vocab.getty.edu/ulan/500328333
M. Xia Gui	Xia Gui	http://vocab.getty.edu/ulan/500328333
Yuyu	Xia Gui	http://vocab.getty.edu/ulan/500328333
Hsiao Yün-ts'ung	Xiao Yuncong	http://vocab.getty.edu/ulan/500328335	http://id.loc.gov/authorities/names/n78093953
Xiao Yuncong	Xiao Yuncong	http://vocab.getty.edu/ulan/500328335	http://id.loc.gov/authorities/names/n78093953
M. Xiao Yuncong	Xiao Yuncong	http://vocab.getty.edu/ulan/500328335	http://id.loc.gov/authorities/names/n78093953
M Xiao Yuncong	Xiao Yuncong	http://vocab.getty.edu/ulan/500328335	http://id.loc.gov/authorities/names/n78093953
zi Chimu	Xiao Yuncong	http://vocab.getty.edu/ulan/500328335	http://id.loc.gov/authorities/names/n78093953
hao Wumen Daoren	Xiao Yuncong	http://vocab.getty.edu/ulan/500328335	http://id.loc.gov/authorities/names/n78093953
Xiao, Yuncong	Xiao Yuncong	http://vocab.getty.edu/ulan/500328335	http://id.loc.gov/authorities/names/n78093953
Yun-ts'ung	Xiao Yuncong	http://vocab.getty.edu/ulan/500328335	http://id.loc.gov/authorities/names/n78093953
Chimu	Xiao Yuncong	http://vocab.getty.edu/ulan/500328335	http://id.loc.gov/authorities/names/n78093953
Wumen Daoren	Xiao Yuncong	http://vocab.getty.edu/ulan/500328335	http://id.loc.gov/authorities/names/n78093953
Linlu Xu	Xu, Linlu	http://vocab.getty.edu/ulan/500337506	http://id.loc.gov/authorities/names/n80121247
M. Linlu Xu	Xu, Linlu	http://vocab.getty.edu/ulan/500337506	http://id.loc.gov/authorities/names/n80121247
L. Xu	Xu, Linlu	http://vocab.getty.edu/ulan/500337506	http://id.loc.gov/authorities/names/n80121247
M Xu	Xu, Linlu	http://vocab.getty.edu/ulan/500337506	http://id.loc.gov/authorities/names/n80121247
M Linlu Xu	Xu, Linlu	http://vocab.getty.edu/ulan/500337506	http://id.loc.gov/authorities/names/n80121247
Xu	Xu, Linlu	http://vocab.getty.edu/ulan/500337506	http://id.loc.gov/authorities/names/n80121247
L Xu	Xu, Linlu	http://vocab.getty.edu/ulan/500337506	http://id.loc.gov/authorities/names/n80121247
M. Xu	Xu, Linlu	http://vocab.getty.edu/ulan/500337506	http://id.loc.gov/authorities/names/n80121247
Hsü, Lin-lu	Xu, Linlu	http://vocab.getty.edu/ulan/500337506	http://id.loc.gov/authorities/names/n80121247
Delin	Xu, Linlu	http://vocab.getty.edu/ulan/500337506	http://id.loc.gov/authorities/names/n80121247
許麟廬	Xu, Linlu	http://vocab.getty.edu/ulan/500337506	http://id.loc.gov/authorities/names/n80121247
许麟庐	Xu, Linlu	http://vocab.getty.edu/ulan/500337506	http://id.loc.gov/authorities/names/n80121247
许麟廬	Xu, Linlu	http://vocab.getty.edu/ulan/500337506	http://id.loc.gov/authorities/names/n80121247
Francisco Ximénez de Urrea	Ximénez de Urrea, Francisco	http://vocab.getty.edu/ulan/500328339
F. Ximénez de Urrea	Ximénez de Urrea, Francisco	http://vocab.getty.edu/ulan/500328339
M. Ximénez de Urrea	Ximénez de Urrea, Francisco	http://vocab.getty.edu/ulan/500328339
M. Francisco Ximénez de Urrea	Ximénez de Urrea, Francisco	http://vocab.getty.edu/ulan/500328339
F Ximénez de Urrea	Ximénez de Urrea, Francisco	http://vocab.getty.edu/ulan/500328339
M Ximénez de Urrea	Ximénez de Urrea, Francisco	http://vocab.getty.edu/ulan/500328339
M Francisco Ximénez de Urrea	Ximénez de Urrea, Francisco	http://vocab.getty.edu/ulan/500328339
Ximénez de Urrea	Ximénez de Urrea, Francisco	http://vocab.getty.edu/ulan/500328339
M. Xenophantos Painter	Xenophantos Painter	http://vocab.getty.edu/ulan/500070313
M Xenophantos Painter	Xenophantos Painter	http://vocab.getty.edu/ulan/500070313
Xenophantos Painter	Xenophantos Painter	http://vocab.getty.edu/ulan/500070313
Johann Christian Xeller	Xeller, Johann Christian	http://vocab.getty.edu/ulan/500023595
M Xeller	Xeller, Johann Christian	http://vocab.getty.edu/ulan/500023595
M. Johann Christian Xeller	Xeller, Johann Christian	http://vocab.getty.edu/ulan/500023595
J. C. Xeller	Xeller, Johann Christian	http://vocab.getty.edu/ulan/500023595
J C Xeller	Xeller, Johann Christian	http://vocab.getty.edu/ulan/500023595
M. Xeller	Xeller, Johann Christian	http://vocab.getty.edu/ulan/500023595
Xeller	Xeller, Johann Christian	http://vocab.getty.edu/ulan/500023595
M Johann Christian Xeller	Xeller, Johann Christian	http://vocab.getty.edu/ulan/500023595
Xeller, Christian	Xeller, Johann Christian	http://vocab.getty.edu/ulan/500023595
Xinde, Shi	Xinde	http://vocab.getty.edu/ulan/500126280	http://id.loc.gov/authorities/names/no2007061733
M Xinde	Xinde	http://vocab.getty.edu/ulan/500126280	http://id.loc.gov/authorities/names/no2007061733
M. Xinde	Xinde	http://vocab.getty.edu/ulan/500126280	http://id.loc.gov/authorities/names/no2007061733
Xinde	Xinde	http://vocab.getty.edu/ulan/500126280	http://id.loc.gov/authorities/names/no2007061733
Shi Xinde	Xinde	http://vocab.getty.edu/ulan/500126280	http://id.loc.gov/authorities/names/no2007061733
Shixinde	Xinde	http://vocab.getty.edu/ulan/500126280	http://id.loc.gov/authorities/names/no2007061733
Yao, Yuangui	Xinde	http://vocab.getty.edu/ulan/500126280	http://id.loc.gov/authorities/names/no2007061733
Yao, Changyuan	Xinde	http://vocab.getty.edu/ulan/500126280	http://id.loc.gov/authorities/names/no2007061733
心德	Xinde	http://vocab.getty.edu/ulan/500126280	http://id.loc.gov/authorities/names/no2007061733
Marie-Claude-Sophie Xhrowet	Xhrowet, Marie Claude Sophie	http://vocab.getty.edu/ulan/500017957
Mme. Xhrowet	Xhrowet, Marie Claude Sophie	http://vocab.getty.edu/ulan/500017957
Xhrowet	Xhrowet, Marie Claude Sophie	http://vocab.getty.edu/ulan/500017957
M. C. S. Xhrowet	Xhrowet, Marie Claude Sophie	http://vocab.getty.edu/ulan/500017957
M C S Xhrowet	Xhrowet, Marie Claude Sophie	http://vocab.getty.edu/ulan/500017957
Mme Marie Claude Sophie Xhrowet	Xhrowet, Marie Claude Sophie	http://vocab.getty.edu/ulan/500017957
Mme Xhrowet	Xhrowet, Marie Claude Sophie	http://vocab.getty.edu/ulan/500017957
Mme. Marie Claude Sophie Xhrowet	Xhrowet, Marie Claude Sophie	http://vocab.getty.edu/ulan/500017957
Marie Claude Sophie Xhrowet	Xhrowet, Marie Claude Sophie	http://vocab.getty.edu/ulan/500017957
Xhrouet, Marie-Claude-Sophie	Xhrowet, Marie Claude Sophie	http://vocab.getty.edu/ulan/500017957
Xhrowet, Mademoiselle	Xhrowet, Marie Claude Sophie	http://vocab.getty.edu/ulan/500017957
Zhiliu Xie	Xie, Zhiliu	http://vocab.getty.edu/ulan/500339334	http://id.loc.gov/authorities/names/n82110183
M Xie	Xie, Zhiliu	http://vocab.getty.edu/ulan/500339334	http://id.loc.gov/authorities/names/n82110183
M. Xie	Xie, Zhiliu	http://vocab.getty.edu/ulan/500339334	http://id.loc.gov/authorities/names/n82110183
Z. Xie	Xie, Zhiliu	http://vocab.getty.edu/ulan/500339334	http://id.loc.gov/authorities/names/n82110183
M Zhiliu Xie	Xie, Zhiliu	http://vocab.getty.edu/ulan/500339334	http://id.loc.gov/authorities/names/n82110183
Xie	Xie, Zhiliu	http://vocab.getty.edu/ulan/500339334	http://id.loc.gov/authorities/names/n82110183
Z Xie	Xie, Zhiliu	http://vocab.getty.edu/ulan/500339334	http://id.loc.gov/authorities/names/n82110183
M. Zhiliu Xie	Xie, Zhiliu	http://vocab.getty.edu/ulan/500339334	http://id.loc.gov/authorities/names/n82110183
Hsieh, Chih-liu	Xie, Zhiliu	http://vocab.getty.edu/ulan/500339334	http://id.loc.gov/authorities/names/n82110183
Xie, Xing	Xie, Zhiliu	http://vocab.getty.edu/ulan/500339334	http://id.loc.gov/authorities/names/n82110183
Xie, Zhi	Xie, Zhiliu	http://vocab.getty.edu/ulan/500339334	http://id.loc.gov/authorities/names/n82110183
Zhuangmuweng	Xie, Zhiliu	http://vocab.getty.edu/ulan/500339334	http://id.loc.gov/authorities/names/n82110183
謝稚柳	Xie, Zhiliu	http://vocab.getty.edu/ulan/500339334	http://id.loc.gov/authorities/names/n82110183
谢稚柳	Xie, Zhiliu	http://vocab.getty.edu/ulan/500339334	http://id.loc.gov/authorities/names/n82110183
Kosmas Xenakis	Xenakis, Kosmas	http://vocab.getty.edu/ulan/500075160
M. Xenakis	Xenakis, Kosmas	http://vocab.getty.edu/ulan/500075160
M. Kosmas Xenakis	Xenakis, Kosmas	http://vocab.getty.edu/ulan/500075160
K. Xenakis	Xenakis, Kosmas	http://vocab.getty.edu/ulan/500075160
K Xenakis	Xenakis, Kosmas	http://vocab.getty.edu/ulan/500075160
M Kosmas Xenakis	Xenakis, Kosmas	http://vocab.getty.edu/ulan/500075160
Xenakis	Xenakis, Kosmas	http://vocab.getty.edu/ulan/500075160
M Xenakis	Xenakis, Kosmas	http://vocab.getty.edu/ulan/500075160
Xenakis, Cosmas	Xenakis, Kosmas	http://vocab.getty.edu/ulan/500075160
Angel Ximénes Herráiz	Ximénes Herráiz, Angel	http://vocab.getty.edu/ulan/500040617
M Ximénes Herráiz	Ximénes Herráiz, Angel	http://vocab.getty.edu/ulan/500040617
A Ximénes Herráiz	Ximénes Herráiz, Angel	http://vocab.getty.edu/ulan/500040617
M Angel Ximénes Herráiz	Ximénes Herráiz, Angel	http://vocab.getty.edu/ulan/500040617
A. Ximénes Herráiz	Ximénes Herráiz, Angel	http://vocab.getty.edu/ulan/500040617
M. Ximénes Herráiz	Ximénes Herráiz, Angel	http://vocab.getty.edu/ulan/500040617
M. Angel Ximénes Herráiz	Ximénes Herráiz, Angel	http://vocab.getty.edu/ulan/500040617
Ximénes Herráiz	Ximénes Herráiz, Angel	http://vocab.getty.edu/ulan/500040617
Herráiz, Angel Ximénes	Ximénes Herráiz, Angel	http://vocab.getty.edu/ulan/500040617
Xiaowan Xia	Xia, Xiaowan	http://vocab.getty.edu/ulan/500204789	http://id.loc.gov/authorities/names/no2009050883
M. Xia	Xia, Xiaowan	http://vocab.getty.edu/ulan/500204789	http://id.loc.gov/authorities/names/no2009050883
X Xia	Xia, Xiaowan	http://vocab.getty.edu/ulan/500204789	http://id.loc.gov/authorities/names/no2009050883
M. Xiaowan Xia	Xia, Xiaowan	http://vocab.getty.edu/ulan/500204789	http://id.loc.gov/authorities/names/no2009050883
X. Xia	Xia, Xiaowan	http://vocab.getty.edu/ulan/500204789	http://id.loc.gov/authorities/names/no2009050883
M Xiaowan Xia	Xia, Xiaowan	http://vocab.getty.edu/ulan/500204789	http://id.loc.gov/authorities/names/no2009050883
M Xia	Xia, Xiaowan	http://vocab.getty.edu/ulan/500204789	http://id.loc.gov/authorities/names/no2009050883
Xia	Xia, Xiaowan	http://vocab.getty.edu/ulan/500204789	http://id.loc.gov/authorities/names/no2009050883
Xia Xiaowan	Xia, Xiaowan	http://vocab.getty.edu/ulan/500204789	http://id.loc.gov/authorities/names/no2009050883
夏小萬	Xia, Xiaowan	http://vocab.getty.edu/ulan/500204789	http://id.loc.gov/authorities/names/no2009050883
Wenyue Xie	Xie, Wenyue	http://vocab.getty.edu/ulan/500204684	http://id.loc.gov/authorities/names/no2009005899
M Xie	Xie, Wenyue	http://vocab.getty.edu/ulan/500204684	http://id.loc.gov/authorities/names/no2009005899
W. Xie	Xie, Wenyue	http://vocab.getty.edu/ulan/500204684	http://id.loc.gov/authorities/names/no2009005899
M. Xie	Xie, Wenyue	http://vocab.getty.edu/ulan/500204684	http://id.loc.gov/authorities/names/no2009005899
M Wenyue Xie	Xie, Wenyue	http://vocab.getty.edu/ulan/500204684	http://id.loc.gov/authorities/names/no2009005899
M. Wenyue Xie	Xie, Wenyue	http://vocab.getty.edu/ulan/500204684	http://id.loc.gov/authorities/names/no2009005899
Xie	Xie, Wenyue	http://vocab.getty.edu/ulan/500204684	http://id.loc.gov/authorities/names/no2009005899
W Xie	Xie, Wenyue	http://vocab.getty.edu/ulan/500204684	http://id.loc.gov/authorities/names/no2009005899
Xie Wenyue	Xie, Wenyue	http://vocab.getty.edu/ulan/500204684	http://id.loc.gov/authorities/names/no2009005899
Tonghe Xing	Xing, Tonghe	http://vocab.getty.edu/ulan/500251113	http://id.loc.gov/authorities/names/n2004058211
M. Tonghe Xing	Xing, Tonghe	http://vocab.getty.edu/ulan/500251113	http://id.loc.gov/authorities/names/n2004058211
T. Xing	Xing, Tonghe	http://vocab.getty.edu/ulan/500251113	http://id.loc.gov/authorities/names/n2004058211
M. Xing	Xing, Tonghe	http://vocab.getty.edu/ulan/500251113	http://id.loc.gov/authorities/names/n2004058211
Xing	Xing, Tonghe	http://vocab.getty.edu/ulan/500251113	http://id.loc.gov/authorities/names/n2004058211
T Xing	Xing, Tonghe	http://vocab.getty.edu/ulan/500251113	http://id.loc.gov/authorities/names/n2004058211
M Xing	Xing, Tonghe	http://vocab.getty.edu/ulan/500251113	http://id.loc.gov/authorities/names/n2004058211
M Tonghe Xing	Xing, Tonghe	http://vocab.getty.edu/ulan/500251113	http://id.loc.gov/authorities/names/n2004058211
Xing, Tong Hhe	Xing, Tonghe	http://vocab.getty.edu/ulan/500251113	http://id.loc.gov/authorities/names/n2004058211
Jan Baptist Xavery	Xavery, Jan Baptist	http://vocab.getty.edu/ulan/500051928
J. B. Xavery	Xavery, Jan Baptist	http://vocab.getty.edu/ulan/500051928
M. Xavery	Xavery, Jan Baptist	http://vocab.getty.edu/ulan/500051928
Xavery	Xavery, Jan Baptist	http://vocab.getty.edu/ulan/500051928
M Xavery	Xavery, Jan Baptist	http://vocab.getty.edu/ulan/500051928
M Jan Baptist Xavery	Xavery, Jan Baptist	http://vocab.getty.edu/ulan/500051928
M. Jan Baptist Xavery	Xavery, Jan Baptist	http://vocab.getty.edu/ulan/500051928
J B Xavery	Xavery, Jan Baptist	http://vocab.getty.edu/ulan/500051928
Saveri, Jan Baptist	Xavery, Jan Baptist	http://vocab.getty.edu/ulan/500051928
Savery, Jan Baptist	Xavery, Jan Baptist	http://vocab.getty.edu/ulan/500051928
Dennis Xenos	Xenos, Dennis	http://vocab.getty.edu/ulan/500067701
M Dennis Xenos	Xenos, Dennis	http://vocab.getty.edu/ulan/500067701
M Xenos	Xenos, Dennis	http://vocab.getty.edu/ulan/500067701
Xenos	Xenos, Dennis	http://vocab.getty.edu/ulan/500067701
M. Dennis Xenos	Xenos, Dennis	http://vocab.getty.edu/ulan/500067701
M. Xenos	Xenos, Dennis	http://vocab.getty.edu/ulan/500067701
D. Xenos	Xenos, Dennis	http://vocab.getty.edu/ulan/500067701
D Xenos	Xenos, Dennis	http://vocab.getty.edu/ulan/500067701
Xiaode Xie	Xie, Xiaode	http://vocab.getty.edu/ulan/500339722	http://id.loc.gov/authorities/names/n78050024
M Xiaode Xie	Xie, Xiaode	http://vocab.getty.edu/ulan/500339722	http://id.loc.gov/authorities/names/n78050024
M Xie	Xie, Xiaode	http://vocab.getty.edu/ulan/500339722	http://id.loc.gov/authorities/names/n78050024
M. Xie	Xie, Xiaode	http://vocab.getty.edu/ulan/500339722	http://id.loc.gov/authorities/names/n78050024
X Xie	Xie, Xiaode	http://vocab.getty.edu/ulan/500339722	http://id.loc.gov/authorities/names/n78050024
M. Xiaode Xie	Xie, Xiaode	http://vocab.getty.edu/ulan/500339722	http://id.loc.gov/authorities/names/n78050024
Xie	Xie, Xiaode	http://vocab.getty.edu/ulan/500339722	http://id.loc.gov/authorities/names/n78050024
X. Xie	Xie, Xiaode	http://vocab.getty.edu/ulan/500339722	http://id.loc.gov/authorities/names/n78050024
Hsieh, Hsiao-de	Xie, Xiaode	http://vocab.getty.edu/ulan/500339722	http://id.loc.gov/authorities/names/n78050024
Hsieh, Hsiao-te	Xie, Xiaode	http://vocab.getty.edu/ulan/500339722	http://id.loc.gov/authorities/names/n78050024
Hsieh, Hsiao De	Xie, Xiaode	http://vocab.getty.edu/ulan/500339722	http://id.loc.gov/authorities/names/n78050024
De, Hsieh Hsiao	Xie, Xiaode	http://vocab.getty.edu/ulan/500339722	http://id.loc.gov/authorities/names/n78050024
謝孝德	Xie, Xiaode	http://vocab.getty.edu/ulan/500339722	http://id.loc.gov/authorities/names/n78050024
A. Xnereb	Xnereb, A.	http://vocab.getty.edu/ulan/500067785
M. A. Xnereb	Xnereb, A.	http://vocab.getty.edu/ulan/500067785
M. Xnereb	Xnereb, A.	http://vocab.getty.edu/ulan/500067785
M Xnereb	Xnereb, A.	http://vocab.getty.edu/ulan/500067785
A. Xnereb	Xnereb, A.	http://vocab.getty.edu/ulan/500067785
Xnereb	Xnereb, A.	http://vocab.getty.edu/ulan/500067785
M A. Xnereb	Xnereb, A.	http://vocab.getty.edu/ulan/500067785
A Xnereb	Xnereb, A.	http://vocab.getty.edu/ulan/500067785
Francisco Ximénez	Ximénez, Francisco	http://vocab.getty.edu/ulan/500069152
M Francisco Ximénez	Ximénez, Francisco	http://vocab.getty.edu/ulan/500069152
M Ximénez	Ximénez, Francisco	http://vocab.getty.edu/ulan/500069152
M. Ximénez	Ximénez, Francisco	http://vocab.getty.edu/ulan/500069152
M. Francisco Ximénez	Ximénez, Francisco	http://vocab.getty.edu/ulan/500069152
F Ximénez	Ximénez, Francisco	http://vocab.getty.edu/ulan/500069152
Ximénez	Ximénez, Francisco	http://vocab.getty.edu/ulan/500069152
F. Ximénez	Ximénez, Francisco	http://vocab.getty.edu/ulan/500069152
Ximenez, Francisco	Ximénez, Francisco	http://vocab.getty.edu/ulan/500069152
Ximenes, Francisco	Ximénez, Francisco	http://vocab.getty.edu/ulan/500069152
Francisco Ximenez	Ximénez, Francisco	http://vocab.getty.edu/ulan/500069152
Nikolaos Xydias Typaldos	Xydias Typaldos, Nikolaos	http://vocab.getty.edu/ulan/500123619
M Nikolaos Xydias Typaldos	Xydias Typaldos, Nikolaos	http://vocab.getty.edu/ulan/500123619
M Xydias Typaldos	Xydias Typaldos, Nikolaos	http://vocab.getty.edu/ulan/500123619
N. Xydias Typaldos	Xydias Typaldos, Nikolaos	http://vocab.getty.edu/ulan/500123619
Xydias Typaldos	Xydias Typaldos, Nikolaos	http://vocab.getty.edu/ulan/500123619
M. Xydias Typaldos	Xydias Typaldos, Nikolaos	http://vocab.getty.edu/ulan/500123619
N Xydias Typaldos	Xydias Typaldos, Nikolaos	http://vocab.getty.edu/ulan/500123619
M. Nikolaos Xydias Typaldos	Xydias Typaldos, Nikolaos	http://vocab.getty.edu/ulan/500123619
Philippe Xhrowet	Xhrowet, Philippe	http://vocab.getty.edu/ulan/500066923
P Xhrowet	Xhrowet, Philippe	http://vocab.getty.edu/ulan/500066923
M. Philippe Xhrowet	Xhrowet, Philippe	http://vocab.getty.edu/ulan/500066923
Xhrowet	Xhrowet, Philippe	http://vocab.getty.edu/ulan/500066923
M. Xhrowet	Xhrowet, Philippe	http://vocab.getty.edu/ulan/500066923
P. Xhrowet	Xhrowet, Philippe	http://vocab.getty.edu/ulan/500066923
M Xhrowet	Xhrowet, Philippe	http://vocab.getty.edu/ulan/500066923
M Philippe Xhrowet	Xhrowet, Philippe	http://vocab.getty.edu/ulan/500066923
Xhrowet, Philippe, le père	Xhrowet, Philippe	http://vocab.getty.edu/ulan/500066923
Xhrowet père, Philippe	Xhrowet, Philippe	http://vocab.getty.edu/ulan/500066923
Secroix, Philippe, le père	Xhrowet, Philippe	http://vocab.getty.edu/ulan/500066923
Secroix père, Philippe	Xhrowet, Philippe	http://vocab.getty.edu/ulan/500066923
Xhrouet, Philippe, le père	Xhrowet, Philippe	http://vocab.getty.edu/ulan/500066923
Xhrouet père, Philippe	Xhrowet, Philippe	http://vocab.getty.edu/ulan/500066923
Leonard Xerri	Xerri, Leonard	http://vocab.getty.edu/ulan/500069554
M Leonard Xerri	Xerri, Leonard	http://vocab.getty.edu/ulan/500069554
L. Xerri	Xerri, Leonard	http://vocab.getty.edu/ulan/500069554
L Xerri	Xerri, Leonard	http://vocab.getty.edu/ulan/500069554
Xerri	Xerri, Leonard	http://vocab.getty.edu/ulan/500069554
M. Leonard Xerri	Xerri, Leonard	http://vocab.getty.edu/ulan/500069554
M. Xerri	Xerri, Leonard	http://vocab.getty.edu/ulan/500069554
M Xerri	Xerri, Leonard	http://vocab.getty.edu/ulan/500069554
João Baptista Alves Xavier	Xavier, João Baptista Alves	http://vocab.getty.edu/ulan/500229032
J B A Xavier	Xavier, João Baptista Alves	http://vocab.getty.edu/ulan/500229032
M. João Baptista Alves Xavier	Xavier, João Baptista Alves	http://vocab.getty.edu/ulan/500229032
M Xavier	Xavier, João Baptista Alves	http://vocab.getty.edu/ulan/500229032
M João Baptista Alves Xavier	Xavier, João Baptista Alves	http://vocab.getty.edu/ulan/500229032
M. Xavier	Xavier, João Baptista Alves	http://vocab.getty.edu/ulan/500229032
Xavier	Xavier, João Baptista Alves	http://vocab.getty.edu/ulan/500229032
J. B. A. Xavier	Xavier, João Baptista Alves	http://vocab.getty.edu/ulan/500229032
Xceron, John	Xceron, Jean	http://vocab.getty.edu/ulan/500015982	http://id.loc.gov/authorities/names/no2005081405
M. Jean Xceron	Xceron, Jean	http://vocab.getty.edu/ulan/500015982	http://id.loc.gov/authorities/names/no2005081405
M Xceron	Xceron, Jean	http://vocab.getty.edu/ulan/500015982	http://id.loc.gov/authorities/names/no2005081405
M. Xceron	Xceron, Jean	http://vocab.getty.edu/ulan/500015982	http://id.loc.gov/authorities/names/no2005081405
M Jean Xceron	Xceron, Jean	http://vocab.getty.edu/ulan/500015982	http://id.loc.gov/authorities/names/no2005081405
Xceron	Xceron, Jean	http://vocab.getty.edu/ulan/500015982	http://id.loc.gov/authorities/names/no2005081405
Jean Xceron	Xceron, Jean	http://vocab.getty.edu/ulan/500015982	http://id.loc.gov/authorities/names/no2005081405
J Xceron	Xceron, Jean	http://vocab.getty.edu/ulan/500015982	http://id.loc.gov/authorities/names/no2005081405
J. Xceron	Xceron, Jean	http://vocab.getty.edu/ulan/500015982	http://id.loc.gov/authorities/names/no2005081405
John Xceron	Xceron, Jean	http://vocab.getty.edu/ulan/500015982	http://id.loc.gov/authorities/names/no2005081405
Xeron, John	Xceron, Jean	http://vocab.getty.edu/ulan/500015982	http://id.loc.gov/authorities/names/no2005081405
Xeron, Jean	Xceron, Jean	http://vocab.getty.edu/ulan/500015982	http://id.loc.gov/authorities/names/no2005081405
Xoeron, Jean	Xceron, Jean	http://vocab.getty.edu/ulan/500015982	http://id.loc.gov/authorities/names/no2005081405
Xćeron, John	Xceron, Jean	http://vocab.getty.edu/ulan/500015982	http://id.loc.gov/authorities/names/no2005081405
Xćeron, Jean	Xceron, Jean	http://vocab.getty.edu/ulan/500015982	http://id.loc.gov/authorities/names/no2005081405
Xerokostas, Giannis	Xceron, Jean	http://vocab.getty.edu/ulan/500015982	http://id.loc.gov/authorities/names/no2005081405
Xirokostas, Giannis	Xceron, Jean	http://vocab.getty.edu/ulan/500015982	http://id.loc.gov/authorities/names/no2005081405
Xeron, Giannis	Xceron, Jean	http://vocab.getty.edu/ulan/500015982	http://id.loc.gov/authorities/names/no2005081405
Xceros, Jean	Xceron, Jean	http://vocab.getty.edu/ulan/500015982	http://id.loc.gov/authorities/names/no2005081405
Jean Xceros	Xceron, Jean	http://vocab.getty.edu/ulan/500015982	http://id.loc.gov/authorities/names/no2005081405
Shengmo Xiang	Xiang, Shengmo	http://vocab.getty.edu/ulan/500336861
S. Xiang	Xiang, Shengmo	http://vocab.getty.edu/ulan/500336861
Xiang	Xiang, Shengmo	http://vocab.getty.edu/ulan/500336861
M Xiang	Xiang, Shengmo	http://vocab.getty.edu/ulan/500336861
S Xiang	Xiang, Shengmo	http://vocab.getty.edu/ulan/500336861
M. Xiang	Xiang, Shengmo	http://vocab.getty.edu/ulan/500336861
M. Shengmo Xiang	Xiang, Shengmo	http://vocab.getty.edu/ulan/500336861
M Shengmo Xiang	Xiang, Shengmo	http://vocab.getty.edu/ulan/500336861
Shengmo, Xiang	Xiang, Shengmo	http://vocab.getty.edu/ulan/500336861
Xiang Shengmo	Xiang, Shengmo	http://vocab.getty.edu/ulan/500336861
Pengcong Xia	Xia, Pengcong	http://vocab.getty.edu/ulan/500127924	http://id.loc.gov/authorities/names/no2007102175
M. Xia	Xia, Pengcong	http://vocab.getty.edu/ulan/500127924	http://id.loc.gov/authorities/names/no2007102175
M. Pengcong Xia	Xia, Pengcong	http://vocab.getty.edu/ulan/500127924	http://id.loc.gov/authorities/names/no2007102175
P Xia	Xia, Pengcong	http://vocab.getty.edu/ulan/500127924	http://id.loc.gov/authorities/names/no2007102175
M Pengcong Xia	Xia, Pengcong	http://vocab.getty.edu/ulan/500127924	http://id.loc.gov/authorities/names/no2007102175
M Xia	Xia, Pengcong	http://vocab.getty.edu/ulan/500127924	http://id.loc.gov/authorities/names/no2007102175
Xia	Xia, Pengcong	http://vocab.getty.edu/ulan/500127924	http://id.loc.gov/authorities/names/no2007102175
P. Xia	Xia, Pengcong	http://vocab.getty.edu/ulan/500127924	http://id.loc.gov/authorities/names/no2007102175
夏鹏聪	Xia, Pengcong	http://vocab.getty.edu/ulan/500127924	http://id.loc.gov/authorities/names/no2007102175
Ramón Maria Ximénez y Cros	Ximénez y Cros, Ramón Maria	http://vocab.getty.edu/ulan/500283175
M Ramón Maria Ximénez y Cros	Ximénez y Cros, Ramón Maria	http://vocab.getty.edu/ulan/500283175
R. M. Ximénez y Cros	Ximénez y Cros, Ramón Maria	http://vocab.getty.edu/ulan/500283175
R M Ximénez y Cros	Ximénez y Cros, Ramón Maria	http://vocab.getty.edu/ulan/500283175
M. Ramón Maria Ximénez y Cros	Ximénez y Cros, Ramón Maria	http://vocab.getty.edu/ulan/500283175
M. Ximénez y Cros	Ximénez y Cros, Ramón Maria	http://vocab.getty.edu/ulan/500283175
Ximénez y Cros	Ximénez y Cros, Ramón Maria	http://vocab.getty.edu/ulan/500283175
M Ximénez y Cros	Ximénez y Cros, Ramón Maria	http://vocab.getty.edu/ulan/500283175
Cros, Ramón Maria Ximénez y	Ximénez y Cros, Ramón Maria	http://vocab.getty.edu/ulan/500283175
Jiménez y Cros, Ramón Maria	Ximénez y Cros, Ramón Maria	http://vocab.getty.edu/ulan/500283175
Ximénes y Cros, Ramón Maria	Ximénez y Cros, Ramón Maria	http://vocab.getty.edu/ulan/500283175
Ettore Ximenes	Ximenes, Ettore	http://vocab.getty.edu/ulan/500032126	http://id.loc.gov/authorities/names/n95052032
Ximenes	Ximenes, Ettore	http://vocab.getty.edu/ulan/500032126	http://id.loc.gov/authorities/names/n95052032
M. Ximenes	Ximenes, Ettore	http://vocab.getty.edu/ulan/500032126	http://id.loc.gov/authorities/names/n95052032
M. Ettore Ximenes	Ximenes, Ettore	http://vocab.getty.edu/ulan/500032126	http://id.loc.gov/authorities/names/n95052032
M Ettore Ximenes	Ximenes, Ettore	http://vocab.getty.edu/ulan/500032126	http://id.loc.gov/authorities/names/n95052032
M Ximenes	Ximenes, Ettore	http://vocab.getty.edu/ulan/500032126	http://id.loc.gov/authorities/names/n95052032
E Ximenes	Ximenes, Ettore	http://vocab.getty.edu/ulan/500032126	http://id.loc.gov/authorities/names/n95052032
E. Ximenes	Ximenes, Ettore	http://vocab.getty.edu/ulan/500032126	http://id.loc.gov/authorities/names/n95052032
Xerxes I, King of the Persians	Xerxes I, King of Persia@en	http://vocab.getty.edu/ulan/500354810	http://id.loc.gov/authorities/names/n81070675
M. King of Persia@en Xerxes I	Xerxes I, King of Persia@en	http://vocab.getty.edu/ulan/500354810	http://id.loc.gov/authorities/names/n81070675
M Xerxes I	Xerxes I, King of Persia@en	http://vocab.getty.edu/ulan/500354810	http://id.loc.gov/authorities/names/n81070675
Xerxes I	Xerxes I, King of Persia@en	http://vocab.getty.edu/ulan/500354810	http://id.loc.gov/authorities/names/n81070675
King of Persia@en Xerxes I	Xerxes I, King of Persia@en	http://vocab.getty.edu/ulan/500354810	http://id.loc.gov/authorities/names/n81070675
K. P. Xerxes I	Xerxes I, King of Persia@en	http://vocab.getty.edu/ulan/500354810	http://id.loc.gov/authorities/names/n81070675
K P Xerxes I	Xerxes I, King of Persia@en	http://vocab.getty.edu/ulan/500354810	http://id.loc.gov/authorities/names/n81070675
M. Xerxes I	Xerxes I, King of Persia@en	http://vocab.getty.edu/ulan/500354810	http://id.loc.gov/authorities/names/n81070675
M King of Persia@en Xerxes I	Xerxes I, King of Persia@en	http://vocab.getty.edu/ulan/500354810	http://id.loc.gov/authorities/names/n81070675
Xerxès I, roi des Perses	Xerxes I, King of Persia@en	http://vocab.getty.edu/ulan/500354810	http://id.loc.gov/authorities/names/n81070675
Xerxes the Great	Xerxes I, King of Persia@en	http://vocab.getty.edu/ulan/500354810	http://id.loc.gov/authorities/names/n81070675
Serse I, King of Persia	Xerxes I, King of Persia@en	http://vocab.getty.edu/ulan/500354810	http://id.loc.gov/authorities/names/n81070675
Ahasuerus, King of Persia	Xerxes I, King of Persia@en	http://vocab.getty.edu/ulan/500354810	http://id.loc.gov/authorities/names/n81070675
Aḥashṿerosh, King of Persia	Xerxes I, King of Persia@en	http://vocab.getty.edu/ulan/500354810	http://id.loc.gov/authorities/names/n81070675
Assuerus, King of Persia	Xerxes I, King of Persia@en	http://vocab.getty.edu/ulan/500354810	http://id.loc.gov/authorities/names/n81070675
Xerxes, koning van Persië	Xerxes I, King of Persia@en	http://vocab.getty.edu/ulan/500354810	http://id.loc.gov/authorities/names/n81070675
Khshayarsha	Xerxes I, King of Persia@en	http://vocab.getty.edu/ulan/500354810	http://id.loc.gov/authorities/names/n81070675
Xerxes	Xerxes I, King of Persia@en	http://vocab.getty.edu/ulan/500354810	http://id.loc.gov/authorities/names/n81070675
אחשורוש, מלך פרס	Xerxes I, King of Persia@en	http://vocab.getty.edu/ulan/500354810	http://id.loc.gov/authorities/names/n81070675
خشایارشا	Xerxes I, King of Persia@en	http://vocab.getty.edu/ulan/500354810	http://id.loc.gov/authorities/names/n81070675
Ξέρξης	Xerxes I, King of Persia@en	http://vocab.getty.edu/ulan/500354810	http://id.loc.gov/authorities/names/n81070675
Joan de Xulbe	Xulbe, Joan de	http://vocab.getty.edu/ulan/500037247
M Joan de Xulbe	Xulbe, Joan de	http://vocab.getty.edu/ulan/500037247
M de Xulbe	Xulbe, Joan de	http://vocab.getty.edu/ulan/500037247
J de Xulbe	Xulbe, Joan de	http://vocab.getty.edu/ulan/500037247
de Xulbe	Xulbe, Joan de	http://vocab.getty.edu/ulan/500037247
M. De Xulbe	Xulbe, Joan de	http://vocab.getty.edu/ulan/500037247
M De Xulbe	Xulbe, Joan de	http://vocab.getty.edu/ulan/500037247
M Xulbe	Xulbe, Joan de	http://vocab.getty.edu/ulan/500037247
M. de Xulbe	Xulbe, Joan de	http://vocab.getty.edu/ulan/500037247
J. de Xulbe	Xulbe, Joan de	http://vocab.getty.edu/ulan/500037247
J De Xulbe	Xulbe, Joan de	http://vocab.getty.edu/ulan/500037247
M. Joan de Xulbe	Xulbe, Joan de	http://vocab.getty.edu/ulan/500037247
J. Xulbe	Xulbe, Joan de	http://vocab.getty.edu/ulan/500037247
De Xulbe	Xulbe, Joan de	http://vocab.getty.edu/ulan/500037247
Xulbe	Xulbe, Joan de	http://vocab.getty.edu/ulan/500037247
M. Xulbe	Xulbe, Joan de	http://vocab.getty.edu/ulan/500037247
J Xulbe	Xulbe, Joan de	http://vocab.getty.edu/ulan/500037247
J. De Xulbe	Xulbe, Joan de	http://vocab.getty.edu/ulan/500037247
Julbe, Juan de	Xulbe, Joan de	http://vocab.getty.edu/ulan/500037247
Xulbe, Juan de	Xulbe, Joan de	http://vocab.getty.edu/ulan/500037247
Xulbi, Joan de	Xulbe, Joan de	http://vocab.getty.edu/ulan/500037247
Xulvi, Juan de	Xulbe, Joan de	http://vocab.getty.edu/ulan/500037247
Hsü-ku	Xugu	http://vocab.getty.edu/ulan/500339833	http://id.loc.gov/authorities/names/n82266976
M Xugu	Xugu	http://vocab.getty.edu/ulan/500339833	http://id.loc.gov/authorities/names/n82266976
Xugu	Xugu	http://vocab.getty.edu/ulan/500339833	http://id.loc.gov/authorities/names/n82266976
M. Xugu	Xugu	http://vocab.getty.edu/ulan/500339833	http://id.loc.gov/authorities/names/n82266976
Juanhe	Xugu	http://vocab.getty.edu/ulan/500339833	http://id.loc.gov/authorities/names/n82266976
Ziyangshanmin	Xugu	http://vocab.getty.edu/ulan/500339833	http://id.loc.gov/authorities/names/n82266976
Zhu, Huairen	Xugu	http://vocab.getty.edu/ulan/500339833	http://id.loc.gov/authorities/names/n82266976
Xi Gu	Xugu	http://vocab.getty.edu/ulan/500339833	http://id.loc.gov/authorities/names/n82266976
Zhu, Xubai	Xugu	http://vocab.getty.edu/ulan/500339833	http://id.loc.gov/authorities/names/n82266976
Chüan-ho	Xugu	http://vocab.getty.edu/ulan/500339833	http://id.loc.gov/authorities/names/n82266976
Tzu-yang-shan-min	Xugu	http://vocab.getty.edu/ulan/500339833	http://id.loc.gov/authorities/names/n82266976
Chu, Huai-jen	Xugu	http://vocab.getty.edu/ulan/500339833	http://id.loc.gov/authorities/names/n82266976
Hsi Ku	Xugu	http://vocab.getty.edu/ulan/500339833	http://id.loc.gov/authorities/names/n82266976
Monk Hsi Ku	Xugu	http://vocab.getty.edu/ulan/500339833	http://id.loc.gov/authorities/names/n82266976
Chu, Hsü-pai	Xugu	http://vocab.getty.edu/ulan/500339833	http://id.loc.gov/authorities/names/n82266976
虛谷	Xugu	http://vocab.getty.edu/ulan/500339833	http://id.loc.gov/authorities/names/n82266976
Pascasi de Xulbe	Xulbe, Pascasi de	http://vocab.getty.edu/ulan/500037246
M de Xulbe	Xulbe, Pascasi de	http://vocab.getty.edu/ulan/500037246
P. De Xulbe	Xulbe, Pascasi de	http://vocab.getty.edu/ulan/500037246
de Xulbe	Xulbe, Pascasi de	http://vocab.getty.edu/ulan/500037246
P Xulbe	Xulbe, Pascasi de	http://vocab.getty.edu/ulan/500037246
M. Pascasi de Xulbe	Xulbe, Pascasi de	http://vocab.getty.edu/ulan/500037246
M Pascasi de Xulbe	Xulbe, Pascasi de	http://vocab.getty.edu/ulan/500037246
M. De Xulbe	Xulbe, Pascasi de	http://vocab.getty.edu/ulan/500037246
M De Xulbe	Xulbe, Pascasi de	http://vocab.getty.edu/ulan/500037246
P. Xulbe	Xulbe, Pascasi de	http://vocab.getty.edu/ulan/500037246
P de Xulbe	Xulbe, Pascasi de	http://vocab.getty.edu/ulan/500037246
M Xulbe	Xulbe, Pascasi de	http://vocab.getty.edu/ulan/500037246
M. de Xulbe	Xulbe, Pascasi de	http://vocab.getty.edu/ulan/500037246
De Xulbe	Xulbe, Pascasi de	http://vocab.getty.edu/ulan/500037246
Xulbe	Xulbe, Pascasi de	http://vocab.getty.edu/ulan/500037246
M. Xulbe	Xulbe, Pascasi de	http://vocab.getty.edu/ulan/500037246
P. de Xulbe	Xulbe, Pascasi de	http://vocab.getty.edu/ulan/500037246
P De Xulbe	Xulbe, Pascasi de	http://vocab.getty.edu/ulan/500037246
Julbe, Pascasio	Xulbe, Pascasi de	http://vocab.getty.edu/ulan/500037246
Xulbe, Pascasio de	Xulbe, Pascasi de	http://vocab.getty.edu/ulan/500037246
Xulbe, Pascual de	Xulbe, Pascasi de	http://vocab.getty.edu/ulan/500037246
Xulbi, Pascual	Xulbe, Pascasi de	http://vocab.getty.edu/ulan/500037246
Xulvi, Pascasi	Xulbe, Pascasi de	http://vocab.getty.edu/ulan/500037246
Jacob Xavery	Xavery, Jacob	http://vocab.getty.edu/ulan/500010742
J Xavery	Xavery, Jacob	http://vocab.getty.edu/ulan/500010742
M. Xavery	Xavery, Jacob	http://vocab.getty.edu/ulan/500010742
J. Xavery	Xavery, Jacob	http://vocab.getty.edu/ulan/500010742
Xavery	Xavery, Jacob	http://vocab.getty.edu/ulan/500010742
M Xavery	Xavery, Jacob	http://vocab.getty.edu/ulan/500010742
M Jacob Xavery	Xavery, Jacob	http://vocab.getty.edu/ulan/500010742
M. Jacob Xavery	Xavery, Jacob	http://vocab.getty.edu/ulan/500010742
Xaverij, Jacobus	Xavery, Jacob	http://vocab.getty.edu/ulan/500010742
Xavery, Jacob IV	Xavery, Jacob	http://vocab.getty.edu/ulan/500010742
Jacobus Xaverij	Xavery, Jacob	http://vocab.getty.edu/ulan/500010742
M Xenotimos Painter	Xenotimos Painter	http://vocab.getty.edu/ulan/500101622
Xenotimos Painter	Xenotimos Painter	http://vocab.getty.edu/ulan/500101622
M. Xenotimos Painter	Xenotimos Painter	http://vocab.getty.edu/ulan/500101622
Rafael Ximeno y Planes	Ximeno y Planes, Rafael	http://vocab.getty.edu/ulan/500026890	http://id.loc.gov/authorities/names/n94005432
R. Ximeno y Planes	Ximeno y Planes, Rafael	http://vocab.getty.edu/ulan/500026890	http://id.loc.gov/authorities/names/n94005432
M Rafael Ximeno y Planes	Ximeno y Planes, Rafael	http://vocab.getty.edu/ulan/500026890	http://id.loc.gov/authorities/names/n94005432
M. Rafael Ximeno y Planes	Ximeno y Planes, Rafael	http://vocab.getty.edu/ulan/500026890	http://id.loc.gov/authorities/names/n94005432
M. Ximeno y Planes	Ximeno y Planes, Rafael	http://vocab.getty.edu/ulan/500026890	http://id.loc.gov/authorities/names/n94005432
R Ximeno y Planes	Ximeno y Planes, Rafael	http://vocab.getty.edu/ulan/500026890	http://id.loc.gov/authorities/names/n94005432
M Ximeno y Planes	Ximeno y Planes, Rafael	http://vocab.getty.edu/ulan/500026890	http://id.loc.gov/authorities/names/n94005432
Ximeno y Planes	Ximeno y Planes, Rafael	http://vocab.getty.edu/ulan/500026890	http://id.loc.gov/authorities/names/n94005432
Gimeno, Rafael	Ximeno y Planes, Rafael	http://vocab.getty.edu/ulan/500026890	http://id.loc.gov/authorities/names/n94005432
Jimeno Planes, Rafael	Ximeno y Planes, Rafael	http://vocab.getty.edu/ulan/500026890	http://id.loc.gov/authorities/names/n94005432
Jimeno, Rafael	Ximeno y Planes, Rafael	http://vocab.getty.edu/ulan/500026890	http://id.loc.gov/authorities/names/n94005432
Planes, Rafael Ximeno y	Ximeno y Planes, Rafael	http://vocab.getty.edu/ulan/500026890	http://id.loc.gov/authorities/names/n94005432
Ximénes, Rafael	Ximeno y Planes, Rafael	http://vocab.getty.edu/ulan/500026890	http://id.loc.gov/authorities/names/n94005432
Ximénez y Planes, Rafael	Ximeno y Planes, Rafael	http://vocab.getty.edu/ulan/500026890	http://id.loc.gov/authorities/names/n94005432
Jimeno y Planes, Rafael	Ximeno y Planes, Rafael	http://vocab.getty.edu/ulan/500026890	http://id.loc.gov/authorities/names/n94005432
Ximeno, Rafael	Ximeno y Planes, Rafael	http://vocab.getty.edu/ulan/500026890	http://id.loc.gov/authorities/names/n94005432
Ximeno, Raphael y Planes	Ximeno y Planes, Rafael	http://vocab.getty.edu/ulan/500026890	http://id.loc.gov/authorities/names/n94005432
Ximeno Y Planes, Raphael	Ximeno y Planes, Rafael	http://vocab.getty.edu/ulan/500026890	http://id.loc.gov/authorities/names/n94005432
Raphael Ximeno Y Planes	Ximeno y Planes, Rafael	http://vocab.getty.edu/ulan/500026890	http://id.loc.gov/authorities/names/n94005432
Cristina Xavier	Xavier, Cristina	http://vocab.getty.edu/ulan/500272834
C. Xavier	Xavier, Cristina	http://vocab.getty.edu/ulan/500272834
M Xavier	Xavier, Cristina	http://vocab.getty.edu/ulan/500272834
C Xavier	Xavier, Cristina	http://vocab.getty.edu/ulan/500272834
M. Cristina Xavier	Xavier, Cristina	http://vocab.getty.edu/ulan/500272834
M. Xavier	Xavier, Cristina	http://vocab.getty.edu/ulan/500272834
Xavier	Xavier, Cristina	http://vocab.getty.edu/ulan/500272834
M Cristina Xavier	Xavier, Cristina	http://vocab.getty.edu/ulan/500272834
Domènec Xarrié Mirambell	Xarrié Mirambell, Domènec	http://vocab.getty.edu/ulan/500037746
D. Xarrié Mirambell	Xarrié Mirambell, Domènec	http://vocab.getty.edu/ulan/500037746
D Xarrié Mirambell	Xarrié Mirambell, Domènec	http://vocab.getty.edu/ulan/500037746
M. Domènec Xarrié Mirambell	Xarrié Mirambell, Domènec	http://vocab.getty.edu/ulan/500037746
M Domènec Xarrié Mirambell	Xarrié Mirambell, Domènec	http://vocab.getty.edu/ulan/500037746
M Xarrié Mirambell	Xarrié Mirambell, Domènec	http://vocab.getty.edu/ulan/500037746
M. Xarrié Mirambell	Xarrié Mirambell, Domènec	http://vocab.getty.edu/ulan/500037746
Xarrié Mirambell	Xarrié Mirambell, Domènec	http://vocab.getty.edu/ulan/500037746
Mirambell, Doménec Xarrié	Xarrié Mirambell, Domènec	http://vocab.getty.edu/ulan/500037746
Hui-Xiang Xiao	Xiao, Hui Xiang	http://vocab.getty.edu/ulan/500119121
Mme Hui Xiang Xiao	Xiao, Hui Xiang	http://vocab.getty.edu/ulan/500119121
Mme. Xiao	Xiao, Hui Xiang	http://vocab.getty.edu/ulan/500119121
H X Xiao	Xiao, Hui Xiang	http://vocab.getty.edu/ulan/500119121
H. X. Xiao	Xiao, Hui Xiang	http://vocab.getty.edu/ulan/500119121
Xiao	Xiao, Hui Xiang	http://vocab.getty.edu/ulan/500119121
Hui Xiang Xiao	Xiao, Hui Xiang	http://vocab.getty.edu/ulan/500119121
Mme. Hui Xiang Xiao	Xiao, Hui Xiang	http://vocab.getty.edu/ulan/500119121
Mme Xiao	Xiao, Hui Xiang	http://vocab.getty.edu/ulan/500119121
Juan Ximínez	Ximénez, Juan	http://vocab.getty.edu/ulan/500033005
Juan Ximénez	Ximénez, Juan	http://vocab.getty.edu/ulan/500033005
M Ximénez	Ximénez, Juan	http://vocab.getty.edu/ulan/500033005
M. Juan Ximénez	Ximénez, Juan	http://vocab.getty.edu/ulan/500033005
M. Ximénez	Ximénez, Juan	http://vocab.getty.edu/ulan/500033005
M Juan Ximénez	Ximénez, Juan	http://vocab.getty.edu/ulan/500033005
J Ximénez	Ximénez, Juan	http://vocab.getty.edu/ulan/500033005
Ximénez	Ximénez, Juan	http://vocab.getty.edu/ulan/500033005
J. Ximénez	Ximénez, Juan	http://vocab.getty.edu/ulan/500033005
Jiménez, Juan	Ximénez, Juan	http://vocab.getty.edu/ulan/500033005
Jimenez, Juan	Ximénez, Juan	http://vocab.getty.edu/ulan/500033005
Juan Jimenez	Ximénez, Juan	http://vocab.getty.edu/ulan/500033005
Chi Xiao	Xiao, Chi	http://vocab.getty.edu/ulan/500288178
M Chi Xiao	Xiao, Chi	http://vocab.getty.edu/ulan/500288178
M Xiao	Xiao, Chi	http://vocab.getty.edu/ulan/500288178
C Xiao	Xiao, Chi	http://vocab.getty.edu/ulan/500288178
C. Xiao	Xiao, Chi	http://vocab.getty.edu/ulan/500288178
M. Chi Xiao	Xiao, Chi	http://vocab.getty.edu/ulan/500288178
Xiao	Xiao, Chi	http://vocab.getty.edu/ulan/500288178
M. Xiao	Xiao, Chi	http://vocab.getty.edu/ulan/500288178
Jiménez, Miguel	Ximénez, Miguel	http://vocab.getty.edu/ulan/500037494
M. Miguel Ximénez	Ximénez, Miguel	http://vocab.getty.edu/ulan/500037494
M Miguel Ximénez	Ximénez, Miguel	http://vocab.getty.edu/ulan/500037494
M Ximénez	Ximénez, Miguel	http://vocab.getty.edu/ulan/500037494
M. Ximénez	Ximénez, Miguel	http://vocab.getty.edu/ulan/500037494
Miguel Ximénez	Ximénez, Miguel	http://vocab.getty.edu/ulan/500037494
Ximénez	Ximénez, Miguel	http://vocab.getty.edu/ulan/500037494
Miguel Jiménez	Ximénez, Miguel	http://vocab.getty.edu/ulan/500037494
Shi-chun Xiong	Xiong, Shi chun	http://vocab.getty.edu/ulan/500288175
S. Xiong	Xiong, Shi chun	http://vocab.getty.edu/ulan/500288175
M Shi chun Xiong	Xiong, Shi chun	http://vocab.getty.edu/ulan/500288175
S Xiong	Xiong, Shi chun	http://vocab.getty.edu/ulan/500288175
Shi chun Xiong	Xiong, Shi chun	http://vocab.getty.edu/ulan/500288175
M. Shi chun Xiong	Xiong, Shi chun	http://vocab.getty.edu/ulan/500288175
Xiong	Xiong, Shi chun	http://vocab.getty.edu/ulan/500288175
M Xiong	Xiong, Shi chun	http://vocab.getty.edu/ulan/500288175
M. Xiong	Xiong, Shi chun	http://vocab.getty.edu/ulan/500288175
Edouard Ximenes	Ximenes, Edouard	http://vocab.getty.edu/ulan/500070990
Ximenes	Ximenes, Edouard	http://vocab.getty.edu/ulan/500070990
M Edouard Ximenes	Ximenes, Edouard	http://vocab.getty.edu/ulan/500070990
M. Ximenes	Ximenes, Edouard	http://vocab.getty.edu/ulan/500070990
M. Edouard Ximenes	Ximenes, Edouard	http://vocab.getty.edu/ulan/500070990
M Ximenes	Ximenes, Edouard	http://vocab.getty.edu/ulan/500070990
E Ximenes	Ximenes, Edouard	http://vocab.getty.edu/ulan/500070990
E. Ximenes	Ximenes, Edouard	http://vocab.getty.edu/ulan/500070990
Xiao, Lu	Xiao Lu	http://vocab.getty.edu/ulan/500356315
Mme. Xiao Lu	Xiao Lu	http://vocab.getty.edu/ulan/500356315
Mme Xiao Lu	Xiao Lu	http://vocab.getty.edu/ulan/500356315
Xiao Lu	Xiao Lu	http://vocab.getty.edu/ulan/500356315
Lu Xiao	Xiao Lu	http://vocab.getty.edu/ulan/500356315
Lei Xu	Xu, Lei	http://vocab.getty.edu/ulan/500332544
M. Lei Xu	Xu, Lei	http://vocab.getty.edu/ulan/500332544
L. Xu	Xu, Lei	http://vocab.getty.edu/ulan/500332544
M Xu	Xu, Lei	http://vocab.getty.edu/ulan/500332544
M Lei Xu	Xu, Lei	http://vocab.getty.edu/ulan/500332544
Xu	Xu, Lei	http://vocab.getty.edu/ulan/500332544
L Xu	Xu, Lei	http://vocab.getty.edu/ulan/500332544
M. Xu	Xu, Lei	http://vocab.getty.edu/ulan/500332544
Lei, Xu	Xu, Lei	http://vocab.getty.edu/ulan/500332544
Xu Lei	Xu, Lei	http://vocab.getty.edu/ulan/500332544
Hsiao Chao	Xiao Zhao@en	http://vocab.getty.edu/ulan/500125707
M Xiao Zhao@en	Xiao Zhao@en	http://vocab.getty.edu/ulan/500125707
M. Xiao Zhao@en	Xiao Zhao@en	http://vocab.getty.edu/ulan/500125707
Xiao Zhao@en	Xiao Zhao@en	http://vocab.getty.edu/ulan/500125707
Xu, Xi	Xu Xi@en	http://vocab.getty.edu/ulan/500125709	http://id.loc.gov/authorities/names/nr92010014
M Xu Xi@en	Xu Xi@en	http://vocab.getty.edu/ulan/500125709	http://id.loc.gov/authorities/names/nr92010014
Xu Xi@en	Xu Xi@en	http://vocab.getty.edu/ulan/500125709	http://id.loc.gov/authorities/names/nr92010014
M. Xu Xi@en	Xu Xi@en	http://vocab.getty.edu/ulan/500125709	http://id.loc.gov/authorities/names/nr92010014
Hsü Hsi	Xu Xi@en	http://vocab.getty.edu/ulan/500125709	http://id.loc.gov/authorities/names/nr92010014
Hsü, Hsi	Xu Xi@en	http://vocab.getty.edu/ulan/500125709	http://id.loc.gov/authorities/names/nr92010014
Hsiao Shu-fang	Xiao Shufang	http://vocab.getty.edu/ulan/500125630	http://id.loc.gov/authorities/names/n86806195
Xiao Shufang	Xiao Shufang	http://vocab.getty.edu/ulan/500125630	http://id.loc.gov/authorities/names/n86806195
Mme. Xiao Shufang	Xiao Shufang	http://vocab.getty.edu/ulan/500125630	http://id.loc.gov/authorities/names/n86806195
Mme Xiao Shufang	Xiao Shufang	http://vocab.getty.edu/ulan/500125630	http://id.loc.gov/authorities/names/n86806195
Xiao, Shufang	Xiao Shufang	http://vocab.getty.edu/ulan/500125630	http://id.loc.gov/authorities/names/n86806195
Hsiao, Shu-fang	Xiao Shufang	http://vocab.getty.edu/ulan/500125630	http://id.loc.gov/authorities/names/n86806195
Chou-Fang, Siao	Xiao Shufang	http://vocab.getty.edu/ulan/500125630	http://id.loc.gov/authorities/names/n86806195
Siao, Chou-Fang	Xiao Shufang	http://vocab.getty.edu/ulan/500125630	http://id.loc.gov/authorities/names/n86806195
M Xenophon of Athens	Xenophon of Athens	http://vocab.getty.edu/ulan/500074762
Xenophon of Athens	Xenophon of Athens	http://vocab.getty.edu/ulan/500074762
M. Xenophon of Athens	Xenophon of Athens	http://vocab.getty.edu/ulan/500074762
Francisco Xavier	Xavier, Francisco	http://vocab.getty.edu/ulan/500042014
M. Francisco Xavier	Xavier, Francisco	http://vocab.getty.edu/ulan/500042014
M Xavier	Xavier, Francisco	http://vocab.getty.edu/ulan/500042014
F. Xavier	Xavier, Francisco	http://vocab.getty.edu/ulan/500042014
F Xavier	Xavier, Francisco	http://vocab.getty.edu/ulan/500042014
M. Xavier	Xavier, Francisco	http://vocab.getty.edu/ulan/500042014
Xavier	Xavier, Francisco	http://vocab.getty.edu/ulan/500042014
M Francisco Xavier	Xavier, Francisco	http://vocab.getty.edu/ulan/500042014
C. Xenakis	Xenakis, C.	http://vocab.getty.edu/ulan/500105569
M. Xenakis	Xenakis, C.	http://vocab.getty.edu/ulan/500105569
M C. Xenakis	Xenakis, C.	http://vocab.getty.edu/ulan/500105569
C Xenakis	Xenakis, C.	http://vocab.getty.edu/ulan/500105569
Xenakis	Xenakis, C.	http://vocab.getty.edu/ulan/500105569
M. C. Xenakis	Xenakis, C.	http://vocab.getty.edu/ulan/500105569
M Xenakis	Xenakis, C.	http://vocab.getty.edu/ulan/500105569
C. Xenakis	Xenakis, C.	http://vocab.getty.edu/ulan/500105569
Wilhelm Ferdinand Xylander	Xylander, Wilhelm Ferdinand	http://vocab.getty.edu/ulan/500182751
Xylander	Xylander, Wilhelm Ferdinand	http://vocab.getty.edu/ulan/500182751
M. Xylander	Xylander, Wilhelm Ferdinand	http://vocab.getty.edu/ulan/500182751
W. F. Xylander	Xylander, Wilhelm Ferdinand	http://vocab.getty.edu/ulan/500182751
M Xylander	Xylander, Wilhelm Ferdinand	http://vocab.getty.edu/ulan/500182751
W F Xylander	Xylander, Wilhelm Ferdinand	http://vocab.getty.edu/ulan/500182751
M. Wilhelm Ferdinand Xylander	Xylander, Wilhelm Ferdinand	http://vocab.getty.edu/ulan/500182751
M Wilhelm Ferdinand Xylander	Xylander, Wilhelm Ferdinand	http://vocab.getty.edu/ulan/500182751
Gerard Joseph Xavery	Xavery, Gerard Joseph	http://vocab.getty.edu/ulan/500029434
M. Xavery	Xavery, Gerard Joseph	http://vocab.getty.edu/ulan/500029434
G J Xavery	Xavery, Gerard Joseph	http://vocab.getty.edu/ulan/500029434
M. Gerard Joseph Xavery	Xavery, Gerard Joseph	http://vocab.getty.edu/ulan/500029434
Xavery	Xavery, Gerard Joseph	http://vocab.getty.edu/ulan/500029434
M Xavery	Xavery, Gerard Joseph	http://vocab.getty.edu/ulan/500029434
G. J. Xavery	Xavery, Gerard Joseph	http://vocab.getty.edu/ulan/500029434
M Gerard Joseph Xavery	Xavery, Gerard Joseph	http://vocab.getty.edu/ulan/500029434
Savery, Gerard Joseph	Xavery, Gerard Joseph	http://vocab.getty.edu/ulan/500029434
Iannis Xenaquis	Xenaquis, Iannis	http://vocab.getty.edu/ulan/500270526
Xenaquis	Xenaquis, Iannis	http://vocab.getty.edu/ulan/500270526
I. Xenaquis	Xenaquis, Iannis	http://vocab.getty.edu/ulan/500270526
M Iannis Xenaquis	Xenaquis, Iannis	http://vocab.getty.edu/ulan/500270526
M. Xenaquis	Xenaquis, Iannis	http://vocab.getty.edu/ulan/500270526
M. Iannis Xenaquis	Xenaquis, Iannis	http://vocab.getty.edu/ulan/500270526
I Xenaquis	Xenaquis, Iannis	http://vocab.getty.edu/ulan/500270526
M Xenaquis	Xenaquis, Iannis	http://vocab.getty.edu/ulan/500270526
M Xenokles	Xenokles	http://vocab.getty.edu/ulan/500009688
M. Xenokles	Xenokles	http://vocab.getty.edu/ulan/500009688
Xenokles	Xenokles	http://vocab.getty.edu/ulan/500009688
Xing, Danwen	Xing Danwen	http://vocab.getty.edu/ulan/500356320
Mme. Xing Danwen	Xing Danwen	http://vocab.getty.edu/ulan/500356320
Mme Xing Danwen	Xing Danwen	http://vocab.getty.edu/ulan/500356320
Xing Danwen	Xing Danwen	http://vocab.getty.edu/ulan/500356320
Danwen Xing	Xing Danwen	http://vocab.getty.edu/ulan/500356320
Xiong, Wenyun	Xiong Wenyun	http://vocab.getty.edu/ulan/500356321
Xiong Wenyun	Xiong Wenyun	http://vocab.getty.edu/ulan/500356321
Mme Xiong Wenyun	Xiong Wenyun	http://vocab.getty.edu/ulan/500356321
Mme. Xiong Wenyun	Xiong Wenyun	http://vocab.getty.edu/ulan/500356321
Hsiung, Wen-yün	Xiong Wenyun	http://vocab.getty.edu/ulan/500356321
Joaquín Xaudaró Echau	Xaudaró Echau, Joaquín	http://vocab.getty.edu/ulan/500037734	http://id.loc.gov/authorities/names/n78075365
M. Joaquín Xaudaró Echau	Xaudaró Echau, Joaquín	http://vocab.getty.edu/ulan/500037734	http://id.loc.gov/authorities/names/n78075365
M. Xaudaró Echau	Xaudaró Echau, Joaquín	http://vocab.getty.edu/ulan/500037734	http://id.loc.gov/authorities/names/n78075365
J Xaudaró Echau	Xaudaró Echau, Joaquín	http://vocab.getty.edu/ulan/500037734	http://id.loc.gov/authorities/names/n78075365
M Joaquín Xaudaró Echau	Xaudaró Echau, Joaquín	http://vocab.getty.edu/ulan/500037734	http://id.loc.gov/authorities/names/n78075365
Xaudaró Echau	Xaudaró Echau, Joaquín	http://vocab.getty.edu/ulan/500037734	http://id.loc.gov/authorities/names/n78075365
M Xaudaró Echau	Xaudaró Echau, Joaquín	http://vocab.getty.edu/ulan/500037734	http://id.loc.gov/authorities/names/n78075365
J. Xaudaró Echau	Xaudaró Echau, Joaquín	http://vocab.getty.edu/ulan/500037734	http://id.loc.gov/authorities/names/n78075365
Echau, Joaquín Xaudaró y	Xaudaró Echau, Joaquín	http://vocab.getty.edu/ulan/500037734	http://id.loc.gov/authorities/names/n78075365
Xaudaró, Joaquim	Xaudaró Echau, Joaquín	http://vocab.getty.edu/ulan/500037734	http://id.loc.gov/authorities/names/n78075365
Xaudaró, Joaquín	Xaudaró Echau, Joaquín	http://vocab.getty.edu/ulan/500037734	http://id.loc.gov/authorities/names/n78075365
Xaudaro Echau, Joacquin	Xaudaró Echau, Joaquín	http://vocab.getty.edu/ulan/500037734	http://id.loc.gov/authorities/names/n78075365
Joacquin Xaudaro Echau	Xaudaró Echau, Joaquín	http://vocab.getty.edu/ulan/500037734	http://id.loc.gov/authorities/names/n78075365
Matthieu Xhrouet	Xhrouet, Matthieu	http://vocab.getty.edu/ulan/500080692
Xhrouet	Xhrouet, Matthieu	http://vocab.getty.edu/ulan/500080692
M Matthieu Xhrouet	Xhrouet, Matthieu	http://vocab.getty.edu/ulan/500080692
M Xhrouet	Xhrouet, Matthieu	http://vocab.getty.edu/ulan/500080692
M. Matthieu Xhrouet	Xhrouet, Matthieu	http://vocab.getty.edu/ulan/500080692
M. Xhrouet	Xhrouet, Matthieu	http://vocab.getty.edu/ulan/500080692
Jaume Xifra	Xifra, Jaume	http://vocab.getty.edu/ulan/500070989
M. Jaume Xifra	Xifra, Jaume	http://vocab.getty.edu/ulan/500070989
Xifra	Xifra, Jaume	http://vocab.getty.edu/ulan/500070989
M. Xifra	Xifra, Jaume	http://vocab.getty.edu/ulan/500070989
M Jaume Xifra	Xifra, Jaume	http://vocab.getty.edu/ulan/500070989
J. Xifra	Xifra, Jaume	http://vocab.getty.edu/ulan/500070989
J Xifra	Xifra, Jaume	http://vocab.getty.edu/ulan/500070989
M Xifra	Xifra, Jaume	http://vocab.getty.edu/ulan/500070989
Lu Xiang	Xiang, Lu	http://vocab.getty.edu/ulan/500284186
Xiang	Xiang, Lu	http://vocab.getty.edu/ulan/500284186
L. Xiang	Xiang, Lu	http://vocab.getty.edu/ulan/500284186
M. Lu Xiang	Xiang, Lu	http://vocab.getty.edu/ulan/500284186
M Lu Xiang	Xiang, Lu	http://vocab.getty.edu/ulan/500284186
M Xiang	Xiang, Lu	http://vocab.getty.edu/ulan/500284186
L Xiang	Xiang, Lu	http://vocab.getty.edu/ulan/500284186
M. Xiang	Xiang, Lu	http://vocab.getty.edu/ulan/500284186
Xie, He	Xie He	http://vocab.getty.edu/ulan/500125618	http://id.loc.gov/authorities/names/nr93045248
M Xie He	Xie He	http://vocab.getty.edu/ulan/500125618	http://id.loc.gov/authorities/names/nr93045248
M. Xie He	Xie He	http://vocab.getty.edu/ulan/500125618	http://id.loc.gov/authorities/names/nr93045248
Xie He	Xie He	http://vocab.getty.edu/ulan/500125618	http://id.loc.gov/authorities/names/nr93045248
Hsieh Ho	Xie He	http://vocab.getty.edu/ulan/500125618	http://id.loc.gov/authorities/names/nr93045248
Hsieh, Ho	Xie He	http://vocab.getty.edu/ulan/500125618	http://id.loc.gov/authorities/names/nr93045248
Xing-chuan Xu	Xu, Xing chuan	http://vocab.getty.edu/ulan/500288151
M. Xing chuan Xu	Xu, Xing chuan	http://vocab.getty.edu/ulan/500288151
M Xing chuan Xu	Xu, Xing chuan	http://vocab.getty.edu/ulan/500288151
M Xu	Xu, Xing chuan	http://vocab.getty.edu/ulan/500288151
Xu	Xu, Xing chuan	http://vocab.getty.edu/ulan/500288151
X Xu	Xu, Xing chuan	http://vocab.getty.edu/ulan/500288151
Xing chuan Xu	Xu, Xing chuan	http://vocab.getty.edu/ulan/500288151
X. Xu	Xu, Xing chuan	http://vocab.getty.edu/ulan/500288151
M. Xu	Xu, Xing chuan	http://vocab.getty.edu/ulan/500288151
Xing-chuan Xi	Xu, Xing chuan	http://vocab.getty.edu/ulan/500288151
Xiaoxi Xia	Xia, Xiaoxi	http://vocab.getty.edu/ulan/500350176	http://id.loc.gov/authorities/names/no2008127620
M. Xiaoxi Xia	Xia, Xiaoxi	http://vocab.getty.edu/ulan/500350176	http://id.loc.gov/authorities/names/no2008127620
M. Xia	Xia, Xiaoxi	http://vocab.getty.edu/ulan/500350176	http://id.loc.gov/authorities/names/no2008127620
X Xia	Xia, Xiaoxi	http://vocab.getty.edu/ulan/500350176	http://id.loc.gov/authorities/names/no2008127620
X. Xia	Xia, Xiaoxi	http://vocab.getty.edu/ulan/500350176	http://id.loc.gov/authorities/names/no2008127620
M Xiaoxi Xia	Xia, Xiaoxi	http://vocab.getty.edu/ulan/500350176	http://id.loc.gov/authorities/names/no2008127620
M Xia	Xia, Xiaoxi	http://vocab.getty.edu/ulan/500350176	http://id.loc.gov/authorities/names/no2008127620
Xia	Xia, Xiaoxi	http://vocab.getty.edu/ulan/500350176	http://id.loc.gov/authorities/names/no2008127620
Chen Xudong	Xudong, Chen	http://vocab.getty.edu/ulan/500290552
C Xudong	Xudong, Chen	http://vocab.getty.edu/ulan/500290552
M. Chen Xudong	Xudong, Chen	http://vocab.getty.edu/ulan/500290552
M Chen Xudong	Xudong, Chen	http://vocab.getty.edu/ulan/500290552
Xudong	Xudong, Chen	http://vocab.getty.edu/ulan/500290552
M. Xudong	Xudong, Chen	http://vocab.getty.edu/ulan/500290552
M Xudong	Xudong, Chen	http://vocab.getty.edu/ulan/500290552
C. Xudong	Xudong, Chen	http://vocab.getty.edu/ulan/500290552
Chang Xia	Xia, Chang	http://vocab.getty.edu/ulan/500331819
M. Xia	Xia, Chang	http://vocab.getty.edu/ulan/500331819
C Xia	Xia, Chang	http://vocab.getty.edu/ulan/500331819
M. Chang Xia	Xia, Chang	http://vocab.getty.edu/ulan/500331819
M Xia	Xia, Chang	http://vocab.getty.edu/ulan/500331819
Xia	Xia, Chang	http://vocab.getty.edu/ulan/500331819
C. Xia	Xia, Chang	http://vocab.getty.edu/ulan/500331819
M Chang Xia	Xia, Chang	http://vocab.getty.edu/ulan/500331819
Chang, Xia	Xia, Chang	http://vocab.getty.edu/ulan/500331819
Xia Chang	Xia, Chang	http://vocab.getty.edu/ulan/500331819
Xu, Bing	Xu Bing	http://vocab.getty.edu/ulan/500125592	http://id.loc.gov/authorities/names/nr00002417
M Xu Bing	Xu Bing	http://vocab.getty.edu/ulan/500125592	http://id.loc.gov/authorities/names/nr00002417
M. Xu Bing	Xu Bing	http://vocab.getty.edu/ulan/500125592	http://id.loc.gov/authorities/names/nr00002417
Xu Bing	Xu Bing	http://vocab.getty.edu/ulan/500125592	http://id.loc.gov/authorities/names/nr00002417
Hsü Ping	Xu Bing	http://vocab.getty.edu/ulan/500125592	http://id.loc.gov/authorities/names/nr00002417
Bing, Xu	Xu Bing	http://vocab.getty.edu/ulan/500125592	http://id.loc.gov/authorities/names/nr00002417
Solar, Xul	Xul Solar	http://vocab.getty.edu/ulan/500117905	http://id.loc.gov/authorities/names/n90674295
Xul Solar	Xul Solar	http://vocab.getty.edu/ulan/500117905	http://id.loc.gov/authorities/names/n90674295
M Xul Solar	Xul Solar	http://vocab.getty.edu/ulan/500117905	http://id.loc.gov/authorities/names/n90674295
M. Xul Solar	Xul Solar	http://vocab.getty.edu/ulan/500117905	http://id.loc.gov/authorities/names/n90674295
Schulz Solari, Oscar Augustín Alejandro	Xul Solar	http://vocab.getty.edu/ulan/500117905	http://id.loc.gov/authorities/names/n90674295
Solar, Alejandro Xul	Xul Solar	http://vocab.getty.edu/ulan/500117905	http://id.loc.gov/authorities/names/n90674295
Alejandro Xul Solar	Xul Solar	http://vocab.getty.edu/ulan/500117905	http://id.loc.gov/authorities/names/n90674295
Schulz Solari, Oscar Agustín Alejandro	Xul Solar	http://vocab.getty.edu/ulan/500117905	http://id.loc.gov/authorities/names/n90674295
Xul Solar, Alejandro	Xul Solar	http://vocab.getty.edu/ulan/500117905	http://id.loc.gov/authorities/names/n90674295
Schulz Solari, Oscar Alejandro Agustín	Xul Solar	http://vocab.getty.edu/ulan/500117905	http://id.loc.gov/authorities/names/n90674295
Solari, Oscar Alejandro Agustín Schulz	Xul Solar	http://vocab.getty.edu/ulan/500117905	http://id.loc.gov/authorities/names/n90674295
H. Xiat	Xiat, H.	http://vocab.getty.edu/ulan/500182744
M Xiat	Xiat, H.	http://vocab.getty.edu/ulan/500182744
M. Xiat	Xiat, H.	http://vocab.getty.edu/ulan/500182744
H. Xiat	Xiat, H.	http://vocab.getty.edu/ulan/500182744
M H. Xiat	Xiat, H.	http://vocab.getty.edu/ulan/500182744
Xiat	Xiat, H.	http://vocab.getty.edu/ulan/500182744
H Xiat	Xiat, H.	http://vocab.getty.edu/ulan/500182744
M. H. Xiat	Xiat, H.	http://vocab.getty.edu/ulan/500182744
Nerac, H.	Xiat, H.	http://vocab.getty.edu/ulan/500182744
Spiro Xega	Xega, Spiro	http://vocab.getty.edu/ulan/500121747
M. Spiro Xega	Xega, Spiro	http://vocab.getty.edu/ulan/500121747
M Xega	Xega, Spiro	http://vocab.getty.edu/ulan/500121747
Xega	Xega, Spiro	http://vocab.getty.edu/ulan/500121747
S Xega	Xega, Spiro	http://vocab.getty.edu/ulan/500121747
M Spiro Xega	Xega, Spiro	http://vocab.getty.edu/ulan/500121747
M. Xega	Xega, Spiro	http://vocab.getty.edu/ulan/500121747
S. Xega	Xega, Spiro	http://vocab.getty.edu/ulan/500121747
M Xenokles	Xenokles	http://vocab.getty.edu/ulan/500007490
M. Xenokles	Xenokles	http://vocab.getty.edu/ulan/500007490
Xenokles	Xenokles	http://vocab.getty.edu/ulan/500007490
Gionata Xerra	Xerra, Gionata	http://vocab.getty.edu/ulan/500283091
M. Gionata Xerra	Xerra, Gionata	http://vocab.getty.edu/ulan/500283091
M. Xerra	Xerra, Gionata	http://vocab.getty.edu/ulan/500283091
M Gionata Xerra	Xerra, Gionata	http://vocab.getty.edu/ulan/500283091
M Xerra	Xerra, Gionata	http://vocab.getty.edu/ulan/500283091
G. Xerra	Xerra, Gionata	http://vocab.getty.edu/ulan/500283091
Xerra	Xerra, Gionata	http://vocab.getty.edu/ulan/500283091
G Xerra	Xerra, Gionata	http://vocab.getty.edu/ulan/500283091
João Xavier	Xavier, João	http://vocab.getty.edu/ulan/500239377
M João Xavier	Xavier, João	http://vocab.getty.edu/ulan/500239377
M Xavier	Xavier, João	http://vocab.getty.edu/ulan/500239377
J. Xavier	Xavier, João	http://vocab.getty.edu/ulan/500239377
M. Xavier	Xavier, João	http://vocab.getty.edu/ulan/500239377
M. João Xavier	Xavier, João	http://vocab.getty.edu/ulan/500239377
Xavier	Xavier, João	http://vocab.getty.edu/ulan/500239377
J Xavier	Xavier, João	http://vocab.getty.edu/ulan/500239377
X. Phot.	X.	http://vocab.getty.edu/ulan/500006913
M X.	X.	http://vocab.getty.edu/ulan/500006913
M. X.	X.	http://vocab.getty.edu/ulan/500006913
X.	X.	http://vocab.getty.edu/ulan/500006913
Raffaello Ximenes	Ximenes, Raffaello	http://vocab.getty.edu/ulan/500185655
R. Ximenes	Ximenes, Raffaello	http://vocab.getty.edu/ulan/500185655
M. Raffaello Ximenes	Ximenes, Raffaello	http://vocab.getty.edu/ulan/500185655
Ximenes	Ximenes, Raffaello	http://vocab.getty.edu/ulan/500185655
M Raffaello Ximenes	Ximenes, Raffaello	http://vocab.getty.edu/ulan/500185655
M. Ximenes	Ximenes, Raffaello	http://vocab.getty.edu/ulan/500185655
M Ximenes	Ximenes, Raffaello	http://vocab.getty.edu/ulan/500185655
R Ximenes	Ximenes, Raffaello	http://vocab.getty.edu/ulan/500185655
Luo Zhong Xiao	Xiao, Luo Zhong	http://vocab.getty.edu/ulan/500254778
L Z Xiao	Xiao, Luo Zhong	http://vocab.getty.edu/ulan/500254778
M Xiao	Xiao, Luo Zhong	http://vocab.getty.edu/ulan/500254778
Xiao	Xiao, Luo Zhong	http://vocab.getty.edu/ulan/500254778
M. Luo Zhong Xiao	Xiao, Luo Zhong	http://vocab.getty.edu/ulan/500254778
L. Z. Xiao	Xiao, Luo Zhong	http://vocab.getty.edu/ulan/500254778
M. Xiao	Xiao, Luo Zhong	http://vocab.getty.edu/ulan/500254778
M Luo Zhong Xiao	Xiao, Luo Zhong	http://vocab.getty.edu/ulan/500254778
Xuan Xue	Xue, Xuan	http://vocab.getty.edu/ulan/500335159
M. Xuan Xue	Xue, Xuan	http://vocab.getty.edu/ulan/500335159
M. Xue	Xue, Xuan	http://vocab.getty.edu/ulan/500335159
Xue	Xue, Xuan	http://vocab.getty.edu/ulan/500335159
X. Xue	Xue, Xuan	http://vocab.getty.edu/ulan/500335159
M Xuan Xue	Xue, Xuan	http://vocab.getty.edu/ulan/500335159
M Xue	Xue, Xuan	http://vocab.getty.edu/ulan/500335159
X Xue	Xue, Xuan	http://vocab.getty.edu/ulan/500335159
Xuan, Xue	Xue, Xuan	http://vocab.getty.edu/ulan/500335159
Xue Xuan	Xue, Xuan	http://vocab.getty.edu/ulan/500335159
Chenling	Xue, Xuan	http://vocab.getty.edu/ulan/500335159
jushi, Shuitian	Xue, Xuan	http://vocab.getty.edu/ulan/500335159
Shuitian jushi	Xue, Xuan	http://vocab.getty.edu/ulan/500335159
Li Xiaodong	Xiaodong, Li	http://vocab.getty.edu/ulan/500282565
L. Xiaodong	Xiaodong, Li	http://vocab.getty.edu/ulan/500282565
M Xiaodong	Xiaodong, Li	http://vocab.getty.edu/ulan/500282565
M Li Xiaodong	Xiaodong, Li	http://vocab.getty.edu/ulan/500282565
M. Xiaodong	Xiaodong, Li	http://vocab.getty.edu/ulan/500282565
M. Li Xiaodong	Xiaodong, Li	http://vocab.getty.edu/ulan/500282565
L Xiaodong	Xiaodong, Li	http://vocab.getty.edu/ulan/500282565
Xiaodong	Xiaodong, Li	http://vocab.getty.edu/ulan/500282565
Franciscus Xaverius Xaverij	Xaverij, Franciscus Xaverius	http://vocab.getty.edu/ulan/500007000
M. Xaverij	Xaverij, Franciscus Xaverius	http://vocab.getty.edu/ulan/500007000
M Xaverij	Xaverij, Franciscus Xaverius	http://vocab.getty.edu/ulan/500007000
F. X. Xaverij	Xaverij, Franciscus Xaverius	http://vocab.getty.edu/ulan/500007000
M Franciscus Xaverius Xaverij	Xaverij, Franciscus Xaverius	http://vocab.getty.edu/ulan/500007000
F X Xaverij	Xaverij, Franciscus Xaverius	http://vocab.getty.edu/ulan/500007000
M. Franciscus Xaverius Xaverij	Xaverij, Franciscus Xaverius	http://vocab.getty.edu/ulan/500007000
Xaverij	Xaverij, Franciscus Xaverius	http://vocab.getty.edu/ulan/500007000
Coelestis Auctor Ximenes	Ximenes, Coelestis Auctor	http://vocab.getty.edu/ulan/500107202
C A Ximenes	Ximenes, Coelestis Auctor	http://vocab.getty.edu/ulan/500107202
Ximenes	Ximenes, Coelestis Auctor	http://vocab.getty.edu/ulan/500107202
M. Ximenes	Ximenes, Coelestis Auctor	http://vocab.getty.edu/ulan/500107202
C. A. Ximenes	Ximenes, Coelestis Auctor	http://vocab.getty.edu/ulan/500107202
M Coelestis Auctor Ximenes	Ximenes, Coelestis Auctor	http://vocab.getty.edu/ulan/500107202
M Ximenes	Ximenes, Coelestis Auctor	http://vocab.getty.edu/ulan/500107202
M. Coelestis Auctor Ximenes	Ximenes, Coelestis Auctor	http://vocab.getty.edu/ulan/500107202
Xenis	Xenis	http://vocab.getty.edu/ulan/500036260
M. Xenis	Xenis	http://vocab.getty.edu/ulan/500036260
M Xenis	Xenis	http://vocab.getty.edu/ulan/500036260
Jin Xie	Xie, Jin	http://vocab.getty.edu/ulan/500333229	http://id.loc.gov/authorities/names/n81050208
J Xie	Xie, Jin	http://vocab.getty.edu/ulan/500333229	http://id.loc.gov/authorities/names/n81050208
M Xie	Xie, Jin	http://vocab.getty.edu/ulan/500333229	http://id.loc.gov/authorities/names/n81050208
M. Xie	Xie, Jin	http://vocab.getty.edu/ulan/500333229	http://id.loc.gov/authorities/names/n81050208
J. Xie	Xie, Jin	http://vocab.getty.edu/ulan/500333229	http://id.loc.gov/authorities/names/n81050208
M Jin Xie	Xie, Jin	http://vocab.getty.edu/ulan/500333229	http://id.loc.gov/authorities/names/n81050208
Xie	Xie, Jin	http://vocab.getty.edu/ulan/500333229	http://id.loc.gov/authorities/names/n81050208
M. Jin Xie	Xie, Jin	http://vocab.getty.edu/ulan/500333229	http://id.loc.gov/authorities/names/n81050208
Jin, Xie	Xie, Jin	http://vocab.getty.edu/ulan/500333229	http://id.loc.gov/authorities/names/n81050208
Xie Jin	Xie, Jin	http://vocab.getty.edu/ulan/500333229	http://id.loc.gov/authorities/names/n81050208
Qunyou	Xie, Jin	http://vocab.getty.edu/ulan/500333229	http://id.loc.gov/authorities/names/n81050208
Jinshen	Xie, Jin	http://vocab.getty.edu/ulan/500333229	http://id.loc.gov/authorities/names/n81050208
Dashen	Xie, Jin	http://vocab.getty.edu/ulan/500333229	http://id.loc.gov/authorities/names/n81050208
Kin, Hie	Xie, Jin	http://vocab.getty.edu/ulan/500333229	http://id.loc.gov/authorities/names/n81050208
Hie Kin	Xie, Jin	http://vocab.getty.edu/ulan/500333229	http://id.loc.gov/authorities/names/n81050208
Chin, Hsieh	Xie, Jin	http://vocab.getty.edu/ulan/500333229	http://id.loc.gov/authorities/names/n81050208
Hsieh Chin	Xie, Jin	http://vocab.getty.edu/ulan/500333229	http://id.loc.gov/authorities/names/n81050208
Hsieh, Chin	Xie, Jin	http://vocab.getty.edu/ulan/500333229	http://id.loc.gov/authorities/names/n81050208
Xie, Wen yi	Xie, Jin	http://vocab.getty.edu/ulan/500333229	http://id.loc.gov/authorities/names/n81050208
Hsieh, Ta-shen	Xie, Jin	http://vocab.getty.edu/ulan/500333229	http://id.loc.gov/authorities/names/n81050208
Xie, Dashen	Xie, Jin	http://vocab.getty.edu/ulan/500333229	http://id.loc.gov/authorities/names/n81050208
解晉	Xie, Jin	http://vocab.getty.edu/ulan/500333229	http://id.loc.gov/authorities/names/n81050208
解縉	Xie, Jin	http://vocab.getty.edu/ulan/500333229	http://id.loc.gov/authorities/names/n81050208
解缙	Xie, Jin	http://vocab.getty.edu/ulan/500333229	http://id.loc.gov/authorities/names/n81050208
Iannis Xenakis	Xenakis, Iannis	http://vocab.getty.edu/ulan/500120376	http://id.loc.gov/authorities/names/n50053095
M. Xenakis	Xenakis, Iannis	http://vocab.getty.edu/ulan/500120376	http://id.loc.gov/authorities/names/n50053095
I. Xenakis	Xenakis, Iannis	http://vocab.getty.edu/ulan/500120376	http://id.loc.gov/authorities/names/n50053095
M. Iannis Xenakis	Xenakis, Iannis	http://vocab.getty.edu/ulan/500120376	http://id.loc.gov/authorities/names/n50053095
Xenakis	Xenakis, Iannis	http://vocab.getty.edu/ulan/500120376	http://id.loc.gov/authorities/names/n50053095
M Iannis Xenakis	Xenakis, Iannis	http://vocab.getty.edu/ulan/500120376	http://id.loc.gov/authorities/names/n50053095
M Xenakis	Xenakis, Iannis	http://vocab.getty.edu/ulan/500120376	http://id.loc.gov/authorities/names/n50053095
I Xenakis	Xenakis, Iannis	http://vocab.getty.edu/ulan/500120376	http://id.loc.gov/authorities/names/n50053095
Xenakis, Yannis	Xenakis, Iannis	http://vocab.getty.edu/ulan/500120376	http://id.loc.gov/authorities/names/n50053095
Xenakēs, Giannēs	Xenakis, Iannis	http://vocab.getty.edu/ulan/500120376	http://id.loc.gov/authorities/names/n50053095
Ksenakis, IAnnis	Xenakis, Iannis	http://vocab.getty.edu/ulan/500120376	http://id.loc.gov/authorities/names/n50053095
Kusenakisu, Ianisu	Xenakis, Iannis	http://vocab.getty.edu/ulan/500120376	http://id.loc.gov/authorities/names/n50053095
Xenakēs, Iannēs	Xenakis, Iannis	http://vocab.getty.edu/ulan/500120376	http://id.loc.gov/authorities/names/n50053095
Xenakis, Jannis	Xenakis, Iannis	http://vocab.getty.edu/ulan/500120376	http://id.loc.gov/authorities/names/n50053095
Christian Xatrec	Xatrec, Christian	http://vocab.getty.edu/ulan/500222152
M Xatrec	Xatrec, Christian	http://vocab.getty.edu/ulan/500222152
M Christian Xatrec	Xatrec, Christian	http://vocab.getty.edu/ulan/500222152
C Xatrec	Xatrec, Christian	http://vocab.getty.edu/ulan/500222152
C. Xatrec	Xatrec, Christian	http://vocab.getty.edu/ulan/500222152
M. Christian Xatrec	Xatrec, Christian	http://vocab.getty.edu/ulan/500222152
M. Xatrec	Xatrec, Christian	http://vocab.getty.edu/ulan/500222152
Xatrec	Xatrec, Christian	http://vocab.getty.edu/ulan/500222152
Diego Ximénez	Ximénez, Diego	http://vocab.getty.edu/ulan/500095521
D Ximénez	Ximénez, Diego	http://vocab.getty.edu/ulan/500095521
M Diego Ximénez	Ximénez, Diego	http://vocab.getty.edu/ulan/500095521
M Ximénez	Ximénez, Diego	http://vocab.getty.edu/ulan/500095521
M. Diego Ximénez	Ximénez, Diego	http://vocab.getty.edu/ulan/500095521
M. Ximénez	Ximénez, Diego	http://vocab.getty.edu/ulan/500095521
D. Ximénez	Ximénez, Diego	http://vocab.getty.edu/ulan/500095521
Ximénez	Ximénez, Diego	http://vocab.getty.edu/ulan/500095521
M. Xenokles Painter	Xenokles Painter	http://vocab.getty.edu/ulan/500005551
M Xenokles Painter	Xenokles Painter	http://vocab.getty.edu/ulan/500005551
Xenokles Painter	Xenokles Painter	http://vocab.getty.edu/ulan/500005551
